event,ML_event_mean,ML_event_std,ML_event_median,n_station,distance_min_km,distance_max_km,distance_mean_km,header_ML_mean
20051231172159_ML3.3,10.13522216503972,0.22716357740704657,10.11934788930823,6,180.39691162109375,284.2530212402344,226.31197611490884,3.299999952316284
20060106182759_ML3.6,10.620570553418732,0.2832558587433666,10.602884153144903,6,74.96392059326172,289.0690612792969,176.02981440226236,3.5999999046325684
20060106182808,10.620570553418732,0.2832558587433666,10.602884153144903,6,74.96392059326172,289.0690612792969,176.02981440226236,3.5999999046325684
20060112010459_ML4.8,11.753332414404623,0.24767145199676077,11.883964652040275,3,203.63694763183594,257.498779296875,236.63660176595053,4.800000190734863
20060115142929_ML3.0,9.293366117988352,0.9069414491997565,9.658112991244723,4,21.472368240356445,307.1416015625,102.99198293685913,3.0
20060226161229_ML3.5,10.417030296532857,0.43650878330554127,10.390393790735125,10,40.3808708190918,298.0760803222656,173.71999473571776,3.5
20060316162059_ML3.2,10.076043964826793,0.35579214743170695,9.960007571462805,8,116.62581634521484,260.1788024902344,189.27534103393555,3.200000047683716
20060403170559_ML3.8,11.028127284966684,0.2344197719394347,11.056586947876966,6,168.84536743164062,254.56124877929688,210.7468007405599,3.799999952316284
20060516142759_ML2.5,9.975800514732278,0.33957726900911506,10.08173747731206,3,150.91827392578125,287.82720947265625,242.05821736653647,3.4000000953674316
20061111184259_ML3.8,10.446805115885203,0.5279544367627848,10.513744498135964,6,211.1722869873047,288.12274169921875,253.40064239501953,3.7166666189829507
20061111184559,10.604242722638753,0.23711623728622142,10.513744498135964,6,150.56674194335938,288.12274169921875,235.54532623291016,3.799999952316284
20061123174859_ML3.0,8.808855806269095,2.0556085769554753,9.292607343058158,7,110.01609802246094,268.870849609375,204.37156459263392,3.0
20061123175055,8.808855806269095,2.0556085769554753,9.292607343058158,7,110.01609802246094,268.870849609375,204.37156459263392,3.0
20061124120359_ML3.5,10.559068590821193,0.8684390125378996,10.746779210823021,16,84.1434097290039,293.8222961425781,197.2029685974121,3.5
20070401185859_ML3.0,9.870056709819666,0.17322375489628702,9.853686970276097,6,150.52615356445312,275.3470764160156,217.01627095540366,3.0
20070502033029_ML-nan,11.016159698549655,1.477542794426983,11.40795508803723,10,100.422607421875,296.19793701171875,192.03091125488282,4.400000095367432
20070502035959_ML3.5,10.153523679878495,1.518899217333358,10.503150889610566,13,70.56570434570312,299.77008056640625,193.99987969031702,3.5
20070502182759_ML3.1,9.687033407381493,1.7519307739011556,10.15394330404166,11,71.9040298461914,294.73406982421875,177.52001953125,3.0999999046325684
20070531154359_ML3.3,9.42996741703457,1.8588866627716278,9.864951512706973,9,78.32970428466797,280.6042175292969,182.09943389892578,3.299999952316284
20070607052959_ML3.3,9.553807543194415,1.6174134963841598,10.00423526185773,10,49.49027633666992,297.4626159667969,161.83542518615724,3.299999952316284
20070609121639_ML4.1,10.745630584274792,1.4031681045550815,11.13234717453065,9,148.80126953125,290.2500915527344,232.6447550455729,4.099999904632568
20070721084559_ML3.0,9.594384812567684,1.4076506960381119,10.024836688591328,12,18.786535263061523,264.0710144042969,136.11575524012247,3.0
20070906185059_ML4.2,11.015950398075665,0.858535083163549,11.144020653043436,15,77.45543670654297,299.2337341308594,226.06425018310546,4.173333152135213
20070906185146,11.059942039190076,0.8732234406033836,11.153115599964684,14,77.45543670654297,299.2337341308594,223.73152651105607,4.199999809265137
20080110223559_ML2.3,9.415257434170796,0.6562352646134887,9.603525484936624,7,43.69486999511719,260.5063781738281,140.21710532052177,2.8714284896850586
20080210024059_ML3.1,10.111845837995004,0.35834897228544166,10.029814262670577,6,52.030479431152344,253.78538513183594,165.42032750447592,3.0999999046325684
20080225230059_ML3.0,10.144825842169379,0.290197541093588,10.126417742202632,9,69.47908020019531,267.0560302734375,169.84070926242404,3.0
20080514114559_ML4.7,10.953889085469473,0.36634355771945526,10.879597589189451,4,163.22299194335938,244.55178833007812,206.70849227905273,4.699999809265137
20080514114959_ML3.5,10.950056427007446,0.4121108511490373,10.748898558637853,3,164.9890594482422,244.20352172851562,196.54615783691406,3.5
20080514141559_ML3.7,10.462753759719657,0.410894664930598,10.601555669974907,5,166.8405303955078,251.82615661621094,204.289453125,3.700000047683716
20080807190958_ML3.0,9.965991728700178,0.3604251853605068,9.957004724732812,12,57.470314025878906,246.1316375732422,145.85064061482748,3.0
20080914233801_ML3.8,10.429805654841019,0.24553327125277713,10.407984835304173,8,168.49563598632812,280.0488586425781,221.7903118133545,3.799999952316284
20081017213707_ML4.1,10.950868087636987,0.30878913737397273,10.810970375006656,13,105.9432144165039,278.5331726074219,199.93734506460336,4.099999904632568
20081019205705_ML3.1,9.932752160897307,0.24979032335915388,9.947397473006149,10,51.93895721435547,283.31329345703125,159.66115951538086,3.0999999046325684
20081117110359_ML3.2,10.337110361447568,0.25986291315031573,10.398755601336912,8,65.5267562866211,275.8617858886719,173.42058181762695,3.200000047683716
20081202004142_ML3.4,10.728616044311888,0.2940049823571234,10.751710859102037,8,163.8649139404297,274.66619873046875,215.26408576965332,3.4000000953674316
20081229194834_ML3.4,10.443704919371909,0.23625304927688778,10.381590363189089,8,136.05584716796875,296.5417785644531,214.5095672607422,3.4000000953674316
20090129043812_ML3.2,9.968431771264102,0.43344683254689875,9.968431771264102,2,153.9355010986328,233.01092529296875,193.47321319580078,3.200000047683716
20090201045220_ML3.3,10.17503673009499,0.2200510287071859,10.169527573297394,7,115.23257446289062,293.5653381347656,212.87651933942522,3.299999952316284
20090308202736_ML2.8,10.014651196262092,0.624192895805653,9.783274833403905,12,98.49159240722656,283.3891906738281,201.83857218424478,2.9666666189829507
20090327144250_ML3.6,10.64344687450397,0.22810966764081358,10.56735487953669,8,104.13982391357422,264.5652770996094,194.9657859802246,3.5999999046325684
20090427221744_ML3.2,10.108474985909744,0.3871098610971846,9.971758096276488,6,179.5499267578125,287.9087219238281,249.43707275390625,3.200000047683716
20090505171825_ML3.1,9.969161183234519,0.41732592107659217,10.161222283826394,7,155.68881225585938,291.0026550292969,230.85555158342635,3.0999999046325684
20090519000206_ML3.2,10.150875529513232,0.32506418296517664,10.166195568939969,15,55.88132858276367,298.554931640625,177.7834050496419,3.200000047683716
20090613053944_ML3.7,10.307613988762272,0.5232689283097256,10.107133263925652,6,160.29244995117188,294.8887634277344,241.70130157470703,3.700000047683716
20090819022442_ML3.6,10.599551452381185,0.24378137515720508,10.48298045994043,8,121.00827026367188,284.170166015625,203.0901699066162,3.5999999046325684
20091001115640_ML3.3,10.2902409666274,0.22115818611801477,10.187560281125652,6,165.4374542236328,271.4764709472656,223.73932393391928,3.299999952316284
20091126044603_ML4.1,10.466403149944126,1.3107407355587475,10.901271888198364,14,26.716838836669922,274.6352844238281,149.06174332754952,4.099999904632568
20091126135901_ML3.6,9.747488888559356,1.4431454389436005,10.520783093858045,8,27.736465454101562,231.4261474609375,89.04381012916565,3.5999999046325684
20100102190332_M3.2,10.009057143811095,,10.009057143811095,1,181.56509399414062,181.56509399414062,181.56509399414062,3.200000047683716
20100106232719_M3.4,10.253278427634276,,10.253278427634276,1,132.49429321289062,132.49429321289062,132.49429321289062,3.4000000953674316
20100906041310_M3.4,10.212609367207065,,10.212609367207065,1,212.51515197753906,212.51515197753906,212.51515197753906,3.4000000953674316
20101010204633_M3.3,10.327923036168437,,10.327923036168437,1,167.28494262695312,167.28494262695312,167.28494262695312,3.299999952316284
20110205153128_M3.0,9.527724981965703,0.35465874246746026,9.55532486751047,5,77.1772689819336,203.46197509765625,125.59820861816407,3.0
20110224200421_M3.3,9.890663205987838,0.45605913493684713,9.87998279734039,8,70.66927337646484,280.3385925292969,155.75932121276855,3.299999952316284
20110317181056_M3.1,9.981215175978104,0.4532520678098048,9.901903004420438,7,55.93606948852539,247.9779815673828,154.71344920567103,3.0999999046325684
20110327034351_M3.3,10.273181695621581,,10.273181695621581,1,119.21871948242188,119.21871948242188,119.21871948242188,3.299999952316284
20110425103049_M2.8,9.102131228435569,0.6090810175149608,9.490923840298537,5,36.155517578125,91.00283813476562,64.45111770629883,2.799999952316284
20110428020153_M3.3,9.6485141723673,0.9146719717987231,10.065921874175682,4,34.259159088134766,99.13928985595703,68.6639757156372,3.299999952316284
20110629082638_M3.4,10.082826814392904,0.4450226816394987,10.002852337685471,5,63.385108947753906,262.3595886230469,150.32477416992188,3.4000000953674316
20110803060621_M3.2,9.650838955172446,0.24323856482394055,9.677449747346476,4,66.33700561523438,223.50332641601562,142.4472885131836,3.200000047683716
20111012043216_M3.3,10.10873560122514,0.43741810979178747,10.248686844887693,9,79.05088806152344,287.8874816894531,180.46414862738715,3.299999952316284
20111102113319_M3.2,10.397294694969748,0.4550425489939098,10.397294694969748,2,273.3357238769531,279.9988098144531,276.6672668457031,3.200000047683716
20111106232556_M3.1,9.527656488416392,1.1729000117878126,9.855058109151562,6,27.097980499267578,231.4886932373047,132.32353655497232,3.0999999046325684
20120911085947_M3.0,9.703873314301141,,9.703873314301141,1,234.18983459472656,234.18983459472656,234.18983459472656,3.0
20120929154607_M3.0,9.403993885448411,0.42364942866495947,9.403993885448411,2,111.46259307861328,156.64625549316406,134.05442428588867,3.0
20121122203125_M3.4,10.207369808649178,0.8427175126121165,10.301667897241796,3,104.98532104492188,244.83627319335938,195.3516082763672,3.4000000953674316
20121130094018_M3.3,10.167757505369387,1.1015811641459778,10.167757505369387,2,37.843631744384766,100.29143524169922,69.06753349304199,3.299999952316284
20130726022311_M3.1,9.988010381220601,,9.988010381220601,1,135.2460174560547,135.2460174560547,135.2460174560547,3.0999999046325684
20140111055607_M3.0,10.127017622079837,0.8536193912351343,10.127017622079837,2,83.04708099365234,157.49668884277344,120.27188491821289,3.0
20140209113658_M3.1,8.936049947095972,1.2115626846754468,8.908694550298332,4,23.492643356323242,69.74089050292969,45.86965751647949,3.0999999046325684
20140307080021_M3.1,9.410989428168367,1.1030884601685034,9.616650805790607,5,21.55245018005371,161.338134765625,76.29841117858886,3.0999999046325684
20140331030840_M3.2,10.382312830582794,0.05153763035732691,10.382312830582794,2,97.71015930175781,140.24667358398438,118.9784164428711,3.200000047683716
20140520060702_M3.1,10.12025746136341,0.527623798139081,10.395503685120698,3,62.98465347290039,155.24722290039062,107.82221094767253,3.0999999046325684
20140606211426_M3.1,9.957014729347511,0.4056281323584036,9.979135696407667,6,74.0376205444336,253.5296173095703,175.43069966634116,3.0999999046325684
20140719144216_M3.2,10.618541281892872,0.49489990577599846,10.594461089065183,3,30.264801025390625,163.02752685546875,98.52667744954427,3.200000047683716
20140722111139_M3.4,10.175782687584705,0.04010221067902106,10.175782687584705,2,59.156471252441406,100.28443145751953,79.72045135498047,3.4000000953674316
20140810214133_M3.0,9.40969795310209,1.7947882395046049,10.098710240883118,3,26.870777130126953,159.21177673339844,96.4840482076009,3.0
20141118184219_M3.4,10.449200503522853,0.009771958748930398,10.449200503522853,2,144.9298553466797,199.96664428710938,172.44824981689453,3.4000000953674316
20150703103146_M3.6,10.417029953309843,0.02145740614468519,10.417029953309843,2,169.65298461914062,197.04360961914062,183.34829711914062,3.5999999046325684
20150727191845_M3.3,9.997438165404017,,9.997438165404017,1,189.36767578125,189.36767578125,189.36767578125,3.299999952316284
20150813155739_M3.3,9.77861210952149,0.36127933794456946,9.77861210952149,2,152.93516540527344,225.16098022460938,189.0480728149414,3.299999952316284
20150919102101_M3.1,10.106350520606178,0.33236694188109683,10.106350520606178,2,56.17161560058594,176.93670654296875,116.55416107177734,3.0999999046325684
20150924013925_M3.0,9.953782794836759,,9.953782794836759,1,62.90781021118164,62.90781021118164,62.90781021118164,3.0999999046325684
20151214080448_M3.2,10.655792986173882,,10.655792986173882,1,151.59075927734375,151.59075927734375,151.59075927734375,3.200000047683716
20151228062903_M3.4,10.580790454533776,,10.580790454533776,1,47.5050163269043,47.5050163269043,47.5050163269043,3.4000000953674316
20160213172935_M3.0,9.787338457385188,,9.787338457385188,1,219.89048767089844,219.89048767089844,219.89048767089844,3.0
20160803063422_M3.3,9.990086665289343,0.6089652220158253,9.990086665289343,2,53.53642272949219,80.93386840820312,67.23514556884766,3.299999952316284
20160826152318_M3.0,9.912565981280238,0.10285629200939594,9.949453226421662,3,77.03630828857422,212.70236206054688,126.3998540242513,3.0
20161021130441_M3.2,9.631903781821855,0.4264986224182708,9.74067888095738,3,127.84062957763672,181.38735961914062,162.94497426350912,3.200000047683716
20161028232611_M3.1,9.70032218307497,0.18201502941783537,9.70032218307497,2,121.37066650390625,175.07260131835938,148.2216339111328,3.0999999046325684
20161121221500_M3.1,9.963474092710683,0.1535497090471537,9.963474092710683,2,105.4611587524414,124.33051300048828,114.89583587646484,3.0
20161216010941_M3.1,9.539229383814355,0.0901623830345164,9.539229383814355,2,58.75263977050781,99.44541931152344,79.09902954101562,3.0999999046325684
20170113224953_M3.0,9.756469934020323,0.7560743132773824,9.977148996820649,3,74.37507629394531,110.51898193359375,96.63253529866536,3.0
20170425170301_M3.0,10.006097018478258,,10.006097018478258,1,199.1945343017578,199.1945343017578,199.1945343017578,3.0
20170516080549_M3.0,8.389805333195891,1.1886933538602997,8.235145755760813,4,24.253311157226562,102.851806640625,53.3314208984375,3.0
20170519052826_M3.3,10.56396439664894,0.43553954428942715,10.377462912198169,3,105.7388687133789,197.5402374267578,158.7413558959961,3.299999952316284
20171225080157_M3.3,10.089805040150493,0.19206164616036994,10.118267153440055,3,53.80501937866211,71.77166748046875,62.909095764160156,3.299999952316284
20180106050851_ML2.2,9.15219593464887,0.25187996499875936,9.18895795721889,4,55.50722122192383,99.34440612792969,77.46305751800537,2.200000047683716
20180107201233_ML4.0,10.912734908213498,0.22378785742992333,10.87055032905998,8,67.599853515625,308.4378662109375,106.92147827148438,4.0
20180107201417_ML4.0,10.442948237224936,0.9987671087601923,10.733958474543696,5,29.2569637298584,92.63671875,68.76968116760254,4.0
20180107212800_ML2.5,9.43264518427701,0.9781966528767715,9.840779000963582,4,30.326541900634766,93.8883285522461,71.41661167144775,2.5
20180108232005_ML4.3,10.616121876691714,0.9274696554542102,10.921791862962618,12,27.234952926635742,354.2330322265625,124.64177815119426,4.300000190734863
20180108232645_ML2.9,9.378009810325958,0.2152061507634265,9.401977815035172,5,76.19749450683594,131.34738159179688,90.84987945556641,2.9000000953674316
20180109133033_ML3.5,10.077980175363503,0.2560265934360368,10.104954092101613,5,63.35530090332031,188.07037353515625,105.61192779541015,3.5
20180109133100_ML3.5,9.95478068740796,0.28274192948817545,10.015318909534303,6,64.69464111328125,184.5237579345703,116.02356847127278,3.5
20180109144406_ML2.7,9.483911359319684,0.35168340502486606,9.417100643389642,4,25.208051681518555,125.52194213867188,74.06651449203491,2.700000047683716
20180113044909_ML3.0,9.75882798997361,0.5994277501466359,9.917524291985995,8,27.871723175048828,87.87301635742188,70.53558111190796,3.0
20180113045015_ML3.4,9.772825590132006,0.1372523525929942,9.699491053989714,3,31.423906326293945,75.72359466552734,55.96710522969564,3.4000000953674316
20180114151600_ML3.1,9.8317836574419,0.5380199572322685,9.785045198946804,5,30.40273094177246,153.737548828125,89.12952537536621,3.0999999046325684
20180114151651_ML3.1,9.756649863476596,0.6365806359704889,9.791485511853207,5,32.606101989746094,155.52638244628906,89.5195327758789,3.0999999046325684
20180120181237_ML2.3,8.860729098209651,0.7278377547797811,8.978180336649197,5,26.30547332763672,87.98971557617188,65.9965103149414,2.299999952316284
20180202035239_ML3.4,10.096304808007705,0.30649973671544356,10.083258383889088,5,62.21481704711914,166.53501892089844,100.39730911254883,3.4000000953674316
20180202154633_ML2.4,9.926740941292017,0.8357473207038638,9.869414742759368,4,59.97964096069336,147.10580444335938,109.38370037078857,2.700000047683716
20180202213138_ML3.0,10.013703723303111,0.3681614819797053,10.223196406575893,3,146.77467346191406,165.81149291992188,155.52042643229166,3.0
20180208220204_ML2.2,9.524448741464635,0.2179743665331486,9.409759430073578,3,68.36201477050781,130.472900390625,90.36645253499348,2.200000047683716
20180209124828_ML3.9,10.513104288922074,0.883592573237117,10.671620700610283,8,29.001569747924805,304.0901794433594,123.20490288734436,3.9000000953674316
20180209124939_ML3.9,10.961073189038178,0.5125845745860781,10.961073189038178,2,155.0234832763672,199.3773651123047,177.20042419433594,3.9000000953674316
20180209145745_ML5.0,11.541281316563763,0.10175308221387996,11.485056333454093,5,224.4304656982422,440.3905334472656,299.7812225341797,5.0
20180228172231_ML3.1,10.094040099837585,0.26731339397945564,10.099805628989992,6,108.58670806884766,216.59246826171875,161.23200098673502,3.0999999046325684
20180312200656_ML2.9,9.275304484336411,0.7806478620398776,9.51751439672714,5,53.965606689453125,324.6901550292969,239.78554077148436,2.9000000953674316
20180318205257_ML1.8,9.00552825862295,0.602220241284687,9.264224380600064,3,55.289024353027344,132.63775634765625,102.32388305664062,1.7999999523162842
20180326043955_ML2.6,9.077357872753074,1.006910782065379,9.475719914704948,4,29.27454376220703,174.5013427734375,99.69992446899414,2.5999999046325684
20180504001709_ML4.3,10.967205472580108,0.43213790747940833,10.842779253318895,5,188.87542724609375,373.49420166015625,262.5599639892578,4.300000190734863
20180608202025_ML3.4,9.684297375185695,0.0705907675880431,9.684297375185695,2,205.88389587402344,263.6727294921875,234.77831268310547,3.4000000953674316
20180619012405_ML3.2,9.68713862687855,0.6231612833686363,9.68713862687855,2,185.322998046875,203.036865234375,194.179931640625,3.200000047683716
20180619012405_ML3.3,9.739350124853539,0.5651217743100431,9.739350124853539,2,189.49215698242188,205.66603088378906,197.57909393310547,3.299999952316284
20180703142033_ML3.2,9.604423136319214,0.20609485928600388,9.680564111378818,5,106.17070007324219,223.7196502685547,173.32925415039062,3.200000047683716
20180729074308_ML3.5,10.162108482675157,0.15497922672601697,10.089221116676992,5,155.77264404296875,276.6466064453125,201.34584350585936,3.5
20180730060025_ML3.5,9.925791922215703,0.24081078655082905,9.875430331088408,6,171.05551147460938,331.80609130859375,251.23589833577475,3.5
20180812174454_ML5.1,11.231326266766152,0.21597420284038343,11.189269796424188,6,246.86846923828125,355.26641845703125,300.9228973388672,5.099999904632568
20180813195102_ML5.0,11.166447420212702,0.34527324324864844,11.128830691723039,9,232.10073852539062,519.9085083007812,331.99239434136285,5.0
20180820205911_ML3.4,9.975780207339447,0.310383301326127,10.011712264128295,6,98.1001968383789,242.91050720214844,175.42926152547201,3.4000000953674316
20180907054303_ML3.8,10.14000675725029,0.14315807870984945,10.12897712184212,6,111.57722473144531,280.6319885253906,201.31067911783853,3.799999952316284
20180908023055_ML5.9,12.22993980528459,0.5354301078964039,12.360648084465241,7,264.75335693359375,520.3749389648438,379.8386448451451,5.900000095367432
20180919150834_ML3.3,9.619149001496092,0.2813687079334086,9.672211856803482,4,97.90653228759766,225.71107482910156,147.01794624328613,3.299999952316284
20181008140206_ML3.9,9.875338246600716,0.19397102983550704,9.869194547556125,4,309.3472900390625,369.2353515625,347.33592224121094,3.9000000953674316
20181012180509_ML3.2,9.617943260198423,0.28339210283470917,9.617943260198423,2,180.083984375,266.1493835449219,223.11668395996094,3.200000047683716
20181106101857_ML3.5,9.536057443510757,0.9637561597344215,9.860477492686893,4,22.776182174682617,274.186767578125,138.0251669883728,3.5
20181227072929_ML4.2,10.631405368959655,0.5103644989487564,10.338802838632475,5,136.21939086914062,303.5319519042969,220.7913787841797,4.199999809265137
20181227073005_M4.2,10.647680026462805,0.5313204215185853,10.367728375237732,5,140.18182373046875,306.6951904296875,224.4041015625,4.199999809265137
20190106144555_ML3.7,10.641899674364566,0.1970304312182926,10.721499233095829,3,208.9304962158203,243.92298889160156,230.27092997233072,3.700000047683716
20190109065709_ML3.3,10.260457855547758,0.25728096281725804,10.116661443691434,3,161.9755859375,211.89100646972656,188.77040100097656,3.299999952316284
20190109141220_ML3.5,10.153706292876171,0.6317130581685996,10.388668454802087,4,137.65867614746094,234.9042205810547,182.65836715698242,3.5
20190109152047_ML3.5,10.197663770631882,0.44267908997686795,10.283956598066824,7,142.4121551513672,239.9012451171875,189.6586151123047,3.5
20190110090724_ML3.8,10.454844486255158,0.5214780243328316,10.62188724155548,7,143.74867248535156,241.0370635986328,190.09340122767858,3.799999952316284
20190110120003_ML4.3,11.03942004464608,0.487093051233703,11.057883041429378,6,145.91387939453125,399.0540771484375,233.1520767211914,4.300000190734863
20190112094645_ML3.0,9.646857900472583,0.9321856642364472,9.981350329724217,9,21.187610626220703,194.05812072753906,110.273927476671,3.0
20190114160034_ML3.3,9.69145239184198,0.8541620113322882,9.69145239184198,2,184.56021118164062,231.2349395751953,207.89757537841797,3.299999952316284
20190115182600_ML3.7,10.485750457313177,0.5453894288499538,10.670801348838292,5,135.19187927246094,232.75543212890625,190.4478759765625,3.700000047683716
20190117053501_ML3.7,10.232596177033745,1.1874372646557634,10.580144613555618,9,87.17134857177734,287.5003662109375,171.770391676161,3.700000047683716
20190128081000_ML3.0,9.307256752739189,0.5116624868641007,9.307256752739189,2,45.17228317260742,124.50818634033203,84.84023475646973,3.0
20190212123259_ML3.5,10.143092916381704,0.49244178593073523,10.428538535450048,5,141.65846252441406,238.4384307861328,194.80033264160156,3.5
20190212144618_ML4.2,11.175100814178334,0.2753154899793832,11.12936541025365,6,199.40333557128906,572.3983764648438,307.7398732503255,4.199999809265137
20190213092840_ML3.6,10.36037883162732,0.4770316415088422,10.498562185153043,5,163.07643127441406,293.8431396484375,231.08684692382812,3.5999999046325684
20190217072114_ML3.3,10.280606613904672,0.0478565159829155,10.256669991720962,3,126.64521026611328,178.1627197265625,155.68019358317056,3.299999952316284
20190217083632_ML3.5,10.116915545033484,0.5777440668180456,10.454241249317693,5,142.58990478515625,240.13121032714844,197.4870635986328,3.5
20190223183754_ML3.6,10.287926260807051,0.5911647889010133,10.543366210408815,4,136.32382202148438,233.46014404296875,181.05563735961914,3.5999999046325684
20190329060221_ML3.6,10.239993331760584,0.6683042476961284,10.57365372177484,3,148.54820251464844,257.22802734375,192.36552937825522,3.5999999046325684
20190331071001_ML3.9,10.602140645250373,0.6773165399530223,10.832446122040173,3,142.32411193847656,230.31369018554688,172.09645080566406,3.9000000953674316
20190422182100_ML3.7,10.36857064011943,0.316361457189382,10.452435678272744,7,189.9635009765625,305.66558837890625,238.25038146972656,3.700000047683716
20190516163614_ML3.3,10.01637647470372,0.631422348453889,10.15810905447309,3,85.1279067993164,173.78810119628906,115.9447530110677,3.299999952316284
20190521104755_ML4.0,9.984016300429245,1.299363543956452,10.527120511057484,7,26.71355438232422,237.20010375976562,108.19408362252372,4.0
20190522235118_ML3.6,9.763495497931373,0.0951634936570986,9.783081686315217,3,146.9275360107422,242.38229370117188,202.4092814127604,3.5999999046325684
20190527233039_ML3.4,10.40161460720066,0.1188353348403256,10.40161460720066,2,166.81211853027344,179.79534912109375,173.3037338256836,3.4000000953674316
20190622104124_ML3.7,10.4668641264267,0.6014923310087102,10.741889719403297,3,82.80500030517578,110.37771606445312,93.83521270751953,3.700000047683716
20190701111450_ML3.3,8.52949411266866,0.7698624554597072,8.928514201535442,3,34.02095413208008,61.81903839111328,48.0828742980957,3.299999952316284
20190714014956_ML3.5,9.703780798814082,1.1273961268869983,10.313533572576418,8,33.68833541870117,183.01864624023438,95.721604347229,3.5
20190714151156_ML3.6,10.485311042478006,0.4395206016884995,10.512516556403922,8,81.56531524658203,358.1656799316406,217.9470796585083,3.5999999046325684
20190720225038_ML3.8,10.34394996650596,0.756563056011158,10.569643999922386,3,164.8399200439453,274.7142333984375,207.9639689127604,3.799999952316284
20190827092730_ML3.1,10.0254684666686,0.28587010308773825,9.992991884694307,4,49.607845306396484,269.1282653808594,137.84760761260986,3.0999999046325684
20190830222352_ML4.3,10.732152713845808,0.18762249038786974,10.76594884938816,8,180.92506408691406,392.34375,283.1843013763428,4.300000190734863
20190901071056_ML3.0,10.740077391140911,0.6635425767988555,10.740077391140911,2,119.89676666259766,149.9394073486328,134.91808700561523,3.0
20190901090956_ML3.5,10.490375845927002,0.3173970022804082,10.522991676589688,9,72.13204193115234,358.7647705078125,192.99019622802734,3.5
20190922075530_ML3.9,10.886543047038879,0.06236274111371505,10.890389897078787,3,118.05650329589844,200.54605102539062,159.27362569173178,3.9000000953674316
20191006043335_ML3.4,9.758425130640319,1.176176015560716,10.245252709798406,6,12.046126365661621,250.5486297607422,138.8565214474996,3.4000000953674316
20191103001530_ML3.3,10.343224006734783,0.28022059408884964,10.39847098999909,5,120.11654663085938,203.12521362304688,161.10466613769532,3.299999952316284
20191115110831_ML3.5,10.47257256037533,0.32779383913964893,10.511733216616227,5,130.01126098632812,223.2196044921875,177.53748168945313,3.5
20191119004305_ML3.7,10.632107475605606,0.21280343178734212,10.63874530006385,6,122.42530059814453,332.826904296875,214.31162134806314,3.700000047683716
20191120083156_ML4.1,10.543294570089932,1.0249198197676055,10.65948106484931,10,31.37030792236328,402.0098571777344,277.7586639404297,4.099999904632568
20191120083223_ML4.1,10.644483929958056,0.2651572274212408,10.497125267289892,6,241.98011779785156,387.4294128417969,316.083501180013,4.099999904632568
20191122080718_ML3.2,10.17697617701986,0.12025770540506407,10.22914860502964,4,130.68008422851562,243.9780731201172,175.61928176879883,3.200000047683716
20191127212856_ML3.0,8.985082775266335,1.0879348730731995,9.395375440383665,3,28.221269607543945,82.22691345214844,52.82841428120931,3.0
20191127234457_ML4.8,11.715705205706868,0.1599773914737661,11.765771674250907,7,109.15680694580078,404.55755615234375,237.6240724836077,4.800000190734863
20191128005956_ML3.0,10.247135964093832,0.17176258936693056,10.205745442722359,3,110.00868225097656,163.61985778808594,129.39576721191406,3.0
20191201103456_ML3.0,10.306324131065239,0.10107611986985161,10.274784919023952,4,64.21571350097656,179.02362060546875,122.65580368041992,3.0
20191203060956_ML3.1,10.302057902500595,0.24689241522408537,10.255375844748272,4,60.218074798583984,175.1492919921875,119.42793560028076,3.0999999046325684
20191228034224_ML3.0,9.999675993199071,0.3957880035416838,10.010671808806523,5,131.878662109375,224.58843994140625,179.03858947753906,3.0
20191230123956_ML3.1,9.97115236188897,0.32021963000634446,9.829195510404668,7,53.06830978393555,240.20860290527344,160.7239886692592,3.0999999046325684
20200101040503_ML3.2,10.247861531427434,0.13285607692891624,10.283616493422421,6,116.58329772949219,241.22996520996094,176.03417460123697,3.200000047683716
20200103123939_ML3.1,10.25436857233756,0.21022819982929525,10.25470362267906,7,100.75894927978516,249.80364990234375,170.4983389718192,3.0999999046325684
20200122212559_ML4.1,10.730616669777731,0.19835766266315139,10.713093509170083,7,180.92520141601562,381.0425720214844,276.9359610421317,4.099999904632568
20200219092617_ML3.3,10.582926070003404,0.27617267703209986,10.54102295903419,7,61.307552337646484,264.4635009765625,161.46987642560686,3.299999952316284
20200228181235_ML4.0,10.693349355437453,0.30634114481482844,10.657336344244458,8,174.12733459472656,425.9822692871094,323.5114116668701,4.0
20200229081258_ML2.6,9.729389499850996,0.2934963725717303,9.677102490741861,8,54.68782424926758,327.4145812988281,179.78248929977417,2.5999999046325684
20200312211615_ML3.1,10.17497392167388,0.26958471977002424,10.233100623975696,7,121.26374816894531,237.3206787109375,194.78736223493303,3.0999999046325684
20200321051715_ML2.1,8.976825883419963,0.34283408396903037,8.959485294037714,4,28.422698974609375,137.46624755859375,93.73287200927734,2.0999999046325684
20200329053125_ML2.1,8.778231164953327,0.45111779390622686,8.818477091199345,4,37.96985626220703,85.31893157958984,61.10268688201904,2.0999999046325684
20200403224444_ML2.0,9.439583571436675,0.26632683574229904,9.484588750560977,3,70.41111755371094,115.82333374023438,94.24207814534505,2.0
20200410200151_ML4.3,10.782891061995388,0.324144390606203,10.733442262005886,13,172.0963134765625,532.7078857421875,331.64369436410755,4.300000190734863
20200418115437_ML2.5,9.253202814859973,0.48425452884913045,9.2296146092063,6,42.470794677734375,175.44375610351562,92.64049021402995,2.5
20200505215456_ML3.3,10.135591343425087,0.8049668706912618,10.370692247286392,9,44.80533218383789,216.81588745117188,120.3306867811415,3.299999952316284
20200615164203_ML3.4,9.702447118855961,0.9786514781392501,9.884337216411431,7,23.87666893005371,240.98941040039062,119.06716019766671,3.4000000953674316
20200616061112_ML4.8,11.535043678837356,0.3586167318298393,11.646980778837635,13,71.7759780883789,504.64862060546875,268.63831211970404,4.800000190734863
20200616085400_ML2.0,8.498893330190343,0.47312308884823706,8.420404794489373,3,21.019479751586914,123.0810317993164,65.22004508972168,2.0
20200616150212_ML2.5,8.688842043266602,0.8570522929154676,8.6896506163799,3,24.69209098815918,75.10014343261719,51.93972969055176,2.5
20200616180823_ML2.1,8.808791683975869,0.7716321455398413,9.08301262802378,4,22.28849220275879,124.43588256835938,67.84562730789185,2.0999999046325684
20200616204631_ML2.8,9.497384844251512,0.6758490894787349,9.718246469435073,8,28.63528060913086,246.5675506591797,143.17518281936646,2.799999952316284
20200618191525_ML2.3,9.209881992419003,0.3772725961090876,9.355372836023413,4,53.025020599365234,129.2249755859375,93.9982328414917,2.299999952316284
20200618220017_ML2.9,9.783203636794227,0.22635281027054957,9.872712234703272,7,57.2203483581543,246.26783752441406,157.73618698120117,2.9000000953674316
20200619010812_ML3.1,9.88433644769692,0.4877028718901294,10.036433989901724,6,52.19199752807617,238.8785400390625,150.34108289082846,3.0999999046325684
20200622151923_ML3.3,10.35724154141571,0.26116942046593966,10.45419795899769,8,59.316219329833984,245.51806640625,162.5329909324646,3.299999952316284
20200626193357_ML3.8,10.633726707448112,0.32366238934481617,10.539580740291534,8,69.61004638671875,302.130126953125,217.85336303710938,3.799999952316284
20200628044025_ML2.6,9.779410601968122,0.0732172829049782,9.779410601968122,2,72.59306335449219,124.63356018066406,98.61331176757812,2.5999999046325684
20200727051155_ML5.0,12.049100212692533,0.2875381503446292,12.002327468408104,13,65.95845794677734,297.49127197265625,191.8182173508864,5.0
20200727051157_ML5.1,12.02645533350648,0.2801682716691842,11.995001442011723,14,65.70318603515625,297.49127197265625,190.67348861694336,5.049999952316284
20200727053656_ML3.0,10.116985452786576,0.5067275655652592,9.840652269944831,7,66.88668060302734,211.7374267578125,138.3977334158761,3.0
20200727053659_ML3.3,10.136344210266635,0.46423115296858447,10.050568719402875,8,66.88668060302734,211.7374267578125,144.57029247283936,3.149999976158142
20200727084957_ML3.4,10.418918541334284,0.4005054839458762,10.324275463561857,4,63.28534698486328,147.3077392578125,94.86544418334961,3.4000000953674316
20200727084958_ML3.4,10.385136309452927,0.48830087261472394,10.411182737615666,7,64.24407958984375,199.25115966796875,134.4004353114537,3.4000000953674316
20200727091456_ML3.3,10.44067462277201,0.4602458934585181,10.366572592606143,4,65.10099792480469,147.09132385253906,94.63487434387207,3.299999952316284
20200727091458_ML3.4,10.400085802187245,0.5575828219283443,10.466134819834064,7,63.89535140991211,199.09970092773438,135.60139955793107,3.4000000953674316
20200727162248_ML2.6,9.787507015102936,0.8741480351234576,9.787507015102936,2,65.42149353027344,94.97087860107422,80.19618606567383,2.5999999046325684
20200727231556_ML3.4,10.388698722327822,0.34939573858376716,10.370717707077999,4,62.91695785522461,148.38209533691406,95.49907207489014,3.4000000953674316
20200727231559_ML3.0,10.32550308590057,0.5296924374881614,10.491445064893668,7,62.71998596191406,197.7621307373047,134.50647953578405,3.0
20200728012456_ML4.1,11.091049569822697,0.38312439605818854,11.06089970550686,7,63.70561599731445,205.37399291992188,136.87897109985352,4.099999904632568
20200728012458_ML3.8,11.102296954719389,0.4132789820571874,11.057650259338537,7,64.82554626464844,205.37399291992188,136.60171399797713,3.885714224406651
20200728022652_ML2.4,8.753542069501073,1.4991300647318417,8.959156659846514,3,12.192464828491211,94.87798309326172,57.35124905904134,2.4000000953674316
20200728045956_ML3.1,10.20550446572346,0.50713707706851,10.123750819146439,4,65.14823913574219,149.78021240234375,96.18547058105469,3.0999999046325684
20200728045959_ML3.5,10.239362082198646,0.4539632383855197,10.18852004772908,6,63.811134338378906,183.78489685058594,122.41783142089844,3.5
20200728055918_ML2.7,9.837809564459853,0.7246699000007806,9.837809564459853,2,62.46263885498047,97.7876968383789,80.12516784667969,2.700000047683716
20200728110657_ML3.4,10.491639345341307,0.42193551848960026,10.465019173669353,4,65.06594848632812,148.76513671875,95.59742736816406,3.4000000953674316
20200728110658_ML3.4,10.389113178011348,0.5444926032435878,10.58656186150669,7,64.4041519165039,199.55836486816406,135.27783530099052,3.4000000953674316
20200728132556_ML3.5,10.536554321311343,0.43347035605022105,10.531688646380493,7,64.3010482788086,214.28529357910156,137.38510240827287,3.5
20200728132559_ML3.4,10.388857108691608,0.5349173832423036,10.425490902319343,8,63.107669830322266,214.28529357910156,144.88932943344116,3.4125000834465027
20200728141056_ML2.4,8.588292151228787,1.5851261195099091,8.853831038239289,3,11.588639259338379,97.61648559570312,57.399647076924644,2.4000000953674316
20200731222756_ML3.7,10.610835492496715,0.38142867648959766,10.452967841841732,9,65.8349380493164,246.579833984375,166.51826900906033,3.700000047683716
20200731225156_ML4.0,10.631887710990702,0.25973077828911734,10.724494377911844,6,147.56900024414062,368.4537353515625,281.36446889241535,4.0
20200803101456_ML3.4,10.364455605084979,0.3095426227976782,10.32464850391467,7,61.84349822998047,233.12112426757812,153.65546308244978,3.4000000953674316
20200803101458_ML3.5,10.26378500277265,0.37252478106608555,10.32464850391467,7,64.52157592773438,233.12112426757812,165.53717912946428,3.200000047683716
20200804151956_ML3.0,10.028872484012453,0.4898732652827087,9.871502223269829,4,67.67330169677734,214.20498657226562,111.86663246154785,3.0
20200804152104_ML3.0,9.935385059621874,0.30710682161579955,9.886662323900222,8,72.2721939086914,246.86891174316406,170.28267002105713,3.0
20200806104620_ML2.8,9.80426467720028,0.3726982182361768,9.704911018654949,7,67.31633758544922,251.04013061523438,160.44742693219865,2.799999952316284
20200806232756_ML3.3,10.411693461296704,0.5922470131299166,10.181543492733898,4,67.25849151611328,212.68930053710938,111.0097427368164,3.299999952316284
20200806232757_ML3.3,10.494962347773507,0.48479371204217303,10.388531321586113,6,67.25849151611328,212.68930053710938,134.2056795756022,3.299999952316284
20200807031756_ML3.1,10.145387983704403,0.5076753119116559,10.030102295813434,3,63.478309631347656,96.37052154541016,77.71253204345703,3.0999999046325684
20200817011156_ML4.4,11.241216238719078,0.23954247795735928,11.230878778519214,11,59.82718276977539,277.5130920410156,176.10854721069336,4.400000095367432
20200817011159_ML4.3,11.248477656843924,0.29020037162363016,11.230878778519214,9,61.30988311767578,243.72039794921875,160.2929170396593,4.333333492279053
20200817012514_ML4.1,10.979641442748852,0.3577034451885694,10.953401794414258,9,64.73519897460938,235.72238159179688,163.97719065348306,4.099999904632568
20200817012956_ML3.2,10.212744233923235,0.8431742972541489,10.212744233923235,2,65.17444610595703,95.31470489501953,80.24457550048828,3.200000047683716
20200817014256_ML3.3,10.413103210738544,0.5332056152454077,10.364477496590773,5,63.559635162353516,212.84523010253906,147.14424667358398,3.299999952316284
20200817032103_ML3.0,9.41830657867214,1.343192774234281,9.66320243890297,8,12.066993713378906,245.6800079345703,148.0958776473999,3.0
20200817032104_ML3.0,8.876046613768532,2.2901305862713595,9.793573532963304,3,12.066993713378906,75.85629272460938,50.056287129720054,3.0
20200817060033_ML3.2,9.295484864202432,1.36993481700278,9.684306947857646,5,14.857979774475098,214.80148315429688,127.28431797027588,3.200000047683716
20200819182656_ML2.7,9.522899397163624,0.3992634201120482,9.569871819071167,3,180.25051879882812,204.85989379882812,190.97840372721353,2.700000047683716
20200822041526_ML3.4,10.397905323756456,0.48984719774393837,10.350887918601634,8,74.98662567138672,296.095703125,182.52057552337646,3.4000000953674316
20200825071005_ML2.5,9.395894835374317,,9.395894835374317,1,71.51637268066406,71.51637268066406,71.51637268066406,2.5
20200825213422_ML2.6,10.216906549389984,0.5931653476758043,9.924950689831768,3,70.33555603027344,189.5228271484375,125.78313700358073,2.5999999046325684
20200831092647_ML2.7,10.09808011055618,,10.09808011055618,1,77.16878509521484,77.16878509521484,77.16878509521484,2.700000047683716
20200919214822_ML2.6,10.449337480278675,,10.449337480278675,1,66.7590103149414,66.7590103149414,66.7590103149414,2.5999999046325684
20200921012456_ML3.1,10.286105294838007,0.3839204730132865,10.241125158409538,6,63.53487014770508,205.33290100097656,128.71280733744302,3.0999999046325684
20200924135442_ML3.0,10.49367339762373,0.3565954386700984,10.49367339762373,2,69.58793640136719,178.31431579589844,123.95112609863281,3.0
20200925013722_ML3.0,10.258702500944725,,10.258702500944725,1,141.1455841064453,141.1455841064453,141.1455841064453,3.0
20201018234402_ML2.1,9.185333705713251,,9.185333705713251,1,74.2062759399414,74.2062759399414,74.2062759399414,2.0999999046325684
20201020115856_ML2.6,9.815291774138172,0.4283575920768839,9.657912693868928,6,84.97126007080078,187.2171173095703,126.88981374104817,2.5999999046325684
20201102195406_ML3.5,10.184892747279228,0.19238967196632126,10.245269000951211,4,205.4311065673828,354.8345947265625,288.66773223876953,3.5
20201108203714_ML2.0,9.20440443604896,0.8163056209143518,9.118844752625385,5,49.23745346069336,129.8447723388672,97.48417129516602,2.0
20201111071724_ML3.0,10.38602004653333,0.5417588815196609,10.224432474814593,3,68.07196044921875,145.11990356445312,95.01834615071614,3.0
20201120004642_ML2.9,9.77590287102045,0.5701660905698261,9.691178155593201,4,63.6389274597168,205.41310119628906,124.08411693572998,2.9000000953674316
20201125102131_ML2.8,9.411360895145403,0.8047504899373753,9.64589232013401,7,28.546560287475586,244.5435791015625,130.5538556235177,2.799999952316284
20201203115000_ML2.3,9.505263869590703,0.2544132267042038,9.429006878267236,4,55.045074462890625,208.39720153808594,136.49962425231934,2.299999952316284
20201222180813_ML2.4,9.676750909814887,0.22136928120525373,9.644234098058476,4,67.7736587524414,172.5599365234375,120.4410171508789,2.4000000953674316
20201222234726_ML2.5,9.835988981289711,0.03974529617996904,9.835988981289711,2,88.58618927001953,108.76126861572266,98.6737289428711,2.5
20201223070421_ML2.4,8.589001789224252,1.4762666986894855,8.589001789224252,2,19.731571197509766,54.177425384521484,36.954498291015625,2.4000000953674316
20201230190235_ML3.3,10.741229601184555,0.96699297118986,10.495381062047564,4,132.37298583984375,328.7839050292969,239.8189468383789,3.299999952316284
20210106083602_ML2.7,9.816641129771824,0.43814377410298894,9.816641129771824,2,70.46802520751953,147.6573486328125,109.06268692016602,2.700000047683716
20210110055921_ML2.7,9.57546327698846,0.4877464651377709,9.437658973177307,7,26.45224952697754,232.32424926757812,129.58192416599817,2.700000047683716
20210112211631_ML3.6,10.30760233772023,0.37892454579487955,10.175450227903857,10,62.341575622558594,438.94598388671875,294.0946899414063,3.5999999046325684
20210115150808_ML2.9,9.810905896472047,0.330175687058905,9.729996401201074,5,70.27420043945312,423.79443359375,226.75540466308593,2.9000000953674316
20210205231951_ML2.8,9.630479761496384,0.4101332688576249,9.619285844867987,9,28.658479690551758,279.9127502441406,174.78998544481067,2.799999952316284
20210213231042_ML2.9,9.832713934806728,0.19311003389635487,9.919722795665137,3,114.33168029785156,272.4219055175781,184.10491943359375,2.9000000953674316
20210407045342_ML2.1,9.101103000218203,0.3210028335186572,9.101103000218203,2,121.21533203125,132.44883728027344,126.83208465576172,2.0999999046325684
20210420044650_ML2.1,9.394615140247716,,9.394615140247716,1,144.1045379638672,144.1045379638672,144.1045379638672,2.0999999046325684
20210510232452_ML2.8,9.661792499880105,0.2123882779174931,9.751371616393559,6,68.60213470458984,239.77444458007812,158.6014493306478,2.799999952316284
20210515080300_ML2.8,10.038733216949575,0.2875439399737172,10.056347872536353,7,65.23145294189453,234.44544982910156,150.24195861816406,2.799999952316284
20210525004621_ML2.4,8.497253687114284,0.7929077567955061,8.497253687114284,2,44.1538200378418,67.81270599365234,55.98326301574707,2.4000000953674316
20210526034133_ML2.2,9.54043428260765,0.4530181109784649,9.587729335785678,3,65.70332336425781,102.9599838256836,80.38187408447266,2.200000047683716
20210609163430_ML2.5,9.720277426031503,0.16267207601369466,9.632935821735682,3,110.37627410888672,179.7003936767578,137.86467997233072,2.5
20210614220447_ML2.2,9.52597569796215,0.2828288929099932,9.476159449884614,3,74.73909759521484,241.95301818847656,149.63710276285806,2.200000047683716
20210825121410_ML2.4,9.445226984208102,,9.445226984208102,1,189.46090698242188,189.46090698242188,189.46090698242188,2.4000000953674316
20210831094010_ML2.6,9.972674096233986,,9.972674096233986,1,142.94488525390625,142.94488525390625,142.94488525390625,2.5999999046325684
20210902101042_ML2.3,9.021309273550596,0.4055684102795113,9.021309273550596,2,42.90880584716797,116.77599334716797,79.84239959716797,2.299999952316284
20211007200339_ML2.2,9.563216890622428,0.602842769829704,9.51995514246461,9,30.988466262817383,207.98324584960938,123.5655968983968,2.200000047683716
20211020081743_ML2.1,9.471828063431513,0.18766835663069073,9.520885326214938,5,72.29978942871094,161.00205993652344,104.02951354980469,2.0999999046325684
20211024194709_ML2.0,9.295302314111717,0.1340758375688836,9.295302314111717,2,104.77222442626953,135.1254119873047,119.94881820678711,2.0
20211108123654_ML3.0,10.14047323838255,0.37863629155103173,10.173697979007382,7,73.2193832397461,298.4634704589844,175.73789760044642,3.0
20211108123705_ML3.0,10.205087901130161,0.3764382864044966,10.261439294321143,6,75.95010375976562,301.4239807128906,161.1903928120931,3.0
20211126213529_ML2.5,9.332530764588489,0.8965365790589633,9.548749029933603,4,37.54666519165039,160.88165283203125,114.80273342132568,2.5
20211204180121_ML2.3,9.655181478521119,0.3423947914136022,9.655181478521119,2,100.3254165649414,128.27883911132812,114.30212783813477,2.299999952316284
20211206213635_ML2.6,9.464369165202202,0.29178023807754133,9.380723616578997,13,59.36248779296875,205.96852111816406,133.0919212928185,2.5999999046325684
20211215045136_ML2.5,9.546562172473909,0.4033964668455764,9.471154262189708,4,58.16337966918945,101.59280395507812,82.69347667694092,2.5
20211231224607_ML1.4,8.901738048704884,0.6197277130029474,9.095592565584752,7,34.69099807739258,111.96871948242188,74.26644461495536,1.399999976158142
20220110000819_ML2.4,9.189638943740691,0.7273667326374739,9.556466779490123,3,31.391878128051758,77.91838073730469,58.8576234181722,2.4000000953674316
20220202053210_ML2.0,8.665292618774885,0.44212723264897585,8.516289112689115,3,26.10358238220215,107.36385345458984,56.73748461405436,2.0
20220225232019_ML2.2,9.060658756977814,0.6922369978604423,9.254880872069123,8,29.568105697631836,152.68450927734375,86.99139833450317,2.200000047683716
20220314022136_ML3.9,10.056290955233347,0.781869774787349,10.055163366874819,10,37.661930084228516,355.6713562011719,219.39798583984376,3.5999999046325684
20220420215406_ML2.0,9.043524547237684,0.5648187166863234,9.290607137130545,7,33.33381652832031,138.77232360839844,90.96616799490792,2.0
20220422111325_ML3.2,9.637611013952979,0.8671148629166289,9.995119291049406,15,29.111406326293945,292.0296936035156,101.8261068979899,3.200000047683716
20220501120401_ML2.3,8.493260555135079,0.9047028386327363,8.894117079023106,4,18.875980377197266,93.63847351074219,54.550660133361816,2.299999952316284
20220519005706_ML2.5,9.154382391390637,0.39469035172072076,9.33022082792109,7,37.500335693359375,129.37359619140625,74.2869518824986,2.5
20220604183510_ML2.6,8.699227483493686,0.8428065456795091,9.1512262708892,7,35.44694137573242,116.00176239013672,67.44331359863281,2.5999999046325684
20220611014132_ML3.7,10.582350138196238,0.22716030620640396,10.54944638298008,15,89.5458984375,392.67138671875,192.4748041788737,3.700000047683716
20220618094610_ML2.5,8.856544948627253,0.7269850099296017,8.905750226861185,8,27.74997329711914,75.6282730102539,50.2697229385376,2.5
20220711235115_ML2.9,9.99489542103907,0.25480937112525537,10.027483916325064,11,95.57835388183594,195.76724243164062,144.75285755504262,2.9000000953674316
20220711235115_ML3.0,9.941304008234708,0.27475179534560135,9.88281611206339,10,92.15674591064453,191.53494262695312,145.69339904785156,3.0
20220717095218_ML3.4,9.41064191248132,1.0398368548636059,9.885870680292348,18,31.262065887451172,354.62054443359375,136.59389983283148,3.4000000953674316
20220730165146_ML3.7,10.498401048649367,0.2680521173887927,10.462248128872115,20,61.74528121948242,539.72265625,234.47345352172852,3.700000047683716
20220804115123_ML2.4,8.243000127238771,0.30336018832117057,8.214135724383855,4,32.3752555847168,45.57508087158203,38.04384899139404,2.4000000953674316
20220806153901_ML2.5,8.730127614917386,0.515078555295715,8.934469011014501,4,44.41045379638672,103.62149047851562,79.11233901977539,2.5
20220809202829_ML-12345.0,10.430491725379156,0.29786470755592365,10.393316306657752,17,65.9883804321289,440.6778564453125,212.07608750287224,
20220816173801_ML2.8,10.02805436710573,0.7238385358228099,9.843874885112708,9,107.72798919677734,458.44775390625,173.70338185628256,2.799999952316284
20220823115709_ML2.5,8.419074442463659,1.3927445773784264,8.419074442463659,2,19.05827522277832,64.89669799804688,41.9774866104126,2.5
20220902201805_ML2.8,9.749531699138158,0.30369246038866543,9.813109571305294,11,57.2039680480957,196.2291717529297,113.456336628307,2.799999952316284
20220905213036_ML2.8,8.800250253333358,0.7138395769568436,8.931767052535555,8,22.502256393432617,73.4523696899414,52.43988299369812,2.799999952316284
20220908002207_ML2.5,9.70192579028902,0.09052216786954054,9.669036765772686,3,55.46354675292969,191.8787384033203,111.08838144938152,2.5
20220916102613_ML2.2,8.413953206317512,0.722211156152703,8.582813420619466,6,22.83022117614746,62.14286804199219,44.95511722564697,2.200000047683716
20221002015545_ML3.7,10.504963265451355,0.2521192287467743,10.48646215970431,20,60.14170837402344,278.08233642578125,181.15037117004394,3.700000047683716
20221003063414_ML2.8,9.779076319851052,0.16273833878924693,9.769364812472343,12,57.762229919433594,243.23573303222656,163.8638973236084,2.799999952316284
20221003205912_ML2.3,9.27494773653197,0.32628931384889454,9.318379963045217,11,55.67072296142578,214.63987731933594,156.00266890092328,2.299999952316284
20221005183619_ML3.2,10.099977081942555,0.2429945493676751,10.06954708224664,20,61.225791931152344,279.30853271484375,176.10160369873046,3.200000047683716
20221010192653_ML3.9,10.58424655416231,0.6368506595309175,10.568949338231784,16,35.482643127441406,385.85809326171875,171.27190256118774,3.9000000953674316
20221012214312_ML2.6,9.522866126946566,0.17038679383804234,9.578484170505662,9,69.37094116210938,164.28041076660156,128.69400872124567,2.5999999046325684
20221214080718_ML4.0,10.55498033706232,0.5538862585144898,10.574345773690101,14,25.261384963989258,240.4861602783203,177.0814074107579,4.0
20221217150127_ML2.7,9.659199540311691,0.6221619245101924,9.792227028860655,5,24.040876388549805,174.2421112060547,113.437504196167,2.700000047683716
20221227180633_ML2.7,10.280584310745,0.4840762265500348,10.428518091967481,3,30.122480392456055,216.50645446777344,130.0808811187744,2.700000047683716
20221229075129_ML3.7,10.625843359657345,0.29150032170267315,10.585474313701429,18,78.12699127197266,289.6473693847656,203.47246424357095,3.700000047683716
