event,ML_mean,ML_std,ML_median,n_component,n_station,distance_min,distance_max,header_ML_mean
20051231172159_ML3.3,4.099517741578271,0.19901677082511018,4.0679651392299,18,6,180.39691162109375,284.2530212402344,3.299999952316284
20060106182759_ML3.6,4.570865499248653,0.24442579647676674,4.521308977446814,18,6,74.96392059326172,289.0690612792969,3.5999999046325684
20060106182808,4.570865499248653,0.24442579647676674,4.521308977446814,18,6,74.96392059326172,289.0690612792969,3.5999999046325684
20060112010459_ML4.8,4.007320477948166,1.3974465533160902,2.95442533865525,9,3,203.63694763183594,257.498779296875,4.800000190734863
20060115142929_ML3.0,3.2054248300702906,0.9060813858879512,3.5958042473059493,12,4,21.472368240356445,307.1416015625,3.0
20060226161229_ML3.5,3.8140928910687957,1.0096098246621343,4.238965797277279,30,10,40.3808708190918,298.0760803222656,3.5
20060316162059_ML3.2,4.016816561703123,0.3480251693052968,3.9600667069418267,24,8,116.62581634521484,260.1788024902344,3.200000047683716
20060403170559_ML3.8,4.959649273380624,0.2312695732652348,4.997610829964712,18,6,168.84536743164062,254.56124877929688,3.799999952316284
20060516142759_ML2.5,3.9886846405962717,0.2654237186416061,3.995991747283022,9,3,150.91827392578125,287.82720947265625,3.4000000953674316
20061111184259_ML3.8,4.436181313535702,0.5146894616494803,4.5283837551790675,18,6,211.1722869873047,288.12274169921875,3.7166666189829507
20061111184559,4.615329759239158,0.23043101367959548,4.569972410270086,18,6,150.56674194335938,288.12274169921875,3.799999952316284
20061123174859_ML3.0,3.6037140048910805,0.4315947224561233,3.403958128861601,21,7,110.01609802246094,268.870849609375,3.0
20061123175055,3.6037140048910805,0.4315947224561233,3.403958128861601,21,7,110.01609802246094,268.870849609375,3.0
20061124120359_ML3.5,4.347898999331277,1.0466115011471062,4.630833617313968,48,16,84.1434097290039,293.8222961425781,3.5
20070401185859_ML3.0,3.8073159782501733,0.19423276648115512,3.7882443941101442,18,6,150.52615356445312,275.3470764160156,3.0
20070502033029_ML-nan,3.578252865871712,1.3436054475275394,2.932122040947238,30,10,100.422607421875,296.19793701171875,4.400000095367432
20070502035959_ML3.5,4.203982430267069,0.8329719729802768,4.448248683957422,39,13,70.56570434570312,299.77008056640625,3.5
20070502182759_ML3.1,4.183851506146509,0.2082193819490631,4.175632701122416,33,11,71.9040298461914,294.73406982421875,3.0999999046325684
20070531154359_ML3.3,3.9612767135616616,0.595946120512469,3.91556770343189,27,9,78.32970428466797,280.6042175292969,3.299999952316284
20070607052959_ML3.3,3.859915914852082,0.623002841955779,3.984501707297436,30,10,49.49027633666992,297.4626159667969,3.299999952316284
20070609121639_ML4.1,4.488143112703095,1.0046549256591708,5.011776427202392,27,9,148.80126953125,290.2500915527344,4.099999904632568
20070721084559_ML3.0,3.805040619620906,0.7980981121909236,4.035573668876169,36,12,18.786535263061523,264.0710144042969,3.0
20070906185059_ML4.2,4.101604782155889,1.3532811516820977,4.974410237976328,45,15,77.45543670654297,299.2337341308594,4.173333152135213
20070906185146,4.083507651403978,1.400017787654379,5.003734060657789,42,14,77.45543670654297,299.2337341308594,4.199999809265137
20080110223559_ML2.3,3.3911991545270803,0.6514022680903185,3.6216690411875962,21,7,43.69486999511719,260.5063781738281,2.8714284896850586
20080210024059_ML3.1,4.089745487563704,0.34292250263758695,4.026695044413218,18,6,52.030479431152344,253.78538513183594,3.0999999046325684
20080225230059_ML3.0,4.104728554769506,0.26669734252332455,4.077992955553631,27,9,69.47908020019531,267.0560302734375,3.0
20080514114559_ML4.7,4.448372747113684,0.9495716202266028,4.764461056173962,12,4,163.22299194335938,244.55178833007812,4.699999809265137
20080514114959_ML3.5,4.616209696617131,0.7998909126224701,4.779659054021078,9,3,164.9890594482422,244.20352172851562,3.5
20080514141559_ML3.7,4.447107537304627,0.3884331255652291,4.477576213759921,15,5,166.8405303955078,251.82615661621094,3.700000047683716
20080807190958_ML3.0,3.931157967632306,0.3580823066169553,3.9249916605249,36,12,57.470314025878906,246.1316375732422,3.0
20080914233801_ML3.8,4.412854952173224,0.2611178228393303,4.3400074081340225,24,8,168.49563598632812,280.0488586425781,3.799999952316284
20081017213707_ML4.1,4.61765927067032,0.7469592429284139,4.777331499279064,39,13,105.9432144165039,278.5331726074219,4.099999904632568
20081019205705_ML3.1,3.9090374984261618,0.2674041593499486,3.910633960889502,30,10,51.93895721435547,283.31329345703125,3.0999999046325684
20081117110359_ML3.2,4.299489672342787,0.24658645546789437,4.349066797876164,24,8,65.5267562866211,275.8617858886719,3.200000047683716
20081202004142_ML3.4,4.4722151547487785,0.6593346896706196,4.6383951390559135,24,8,163.8649139404297,274.66619873046875,3.4000000953674316
20081229194834_ML3.4,4.444944760587668,0.23897563141261433,4.361018876757024,24,8,136.05584716796875,296.5417785644531,3.4000000953674316
20090129043812_ML3.2,4.006098771280725,0.3870520403911959,3.9522630530662353,6,2,153.9355010986328,233.01092529296875,3.200000047683716
20090201045220_ML3.3,4.168763144554946,0.2120682036446268,4.146793914327055,21,7,115.23257446289062,293.5653381347656,3.299999952316284
20090308202736_ML2.8,3.9675649069024987,0.5880389669263338,3.749532582030856,36,12,98.49159240722656,283.3891906738281,2.9666666189829507
20090327144250_ML3.6,4.358104909150737,0.6763256383218694,4.480290109395934,24,8,104.13982391357422,264.5652770996094,3.5999999046325684
20090427221744_ML3.2,4.117132719775177,0.3750771492226341,3.9707920650729096,18,6,179.5499267578125,287.9087219238281,3.200000047683716
20090505171825_ML3.1,3.9473342058439336,0.41221797322561854,4.012120623083164,21,7,155.68881225585938,291.0026550292969,3.0999999046325684
20090519000206_ML3.2,4.120231659995757,0.3047597374372651,4.1645389125888705,45,15,55.88132858276367,298.554931640625,3.200000047683716
20090613053944_ML3.7,4.296060196287033,0.48864559843161687,4.09090167776823,18,6,160.29244995117188,294.8887634277344,3.700000047683716
20090819022442_ML3.6,4.588511666324695,0.27506493017572664,4.457546540676734,24,8,121.00827026367188,284.170166015625,3.5999999046325684
20091001115640_ML3.3,4.299723248256948,0.21147309040167162,4.242824811235893,18,6,165.4374542236328,271.4764709472656,3.299999952316284
20091126044603_ML4.1,3.633644109901699,1.4093411974057368,4.586605402375085,42,14,26.716838836669922,274.6352844238281,4.099999904632568
20091126135901_ML3.6,3.5794287303310277,1.3612894624775598,4.460866693469513,24,8,27.736465454101562,231.4261474609375,3.5999999046325684
20100102190332_M3.2,4.049583666698795,0.12556579349602515,4.113144218541347,3,1,181.56509399414062,181.56509399414062,3.200000047683716
20100106232719_M3.4,4.292751630567018,0.21675901378187842,4.37164462554533,3,1,132.49429321289062,132.49429321289062,3.4000000953674316
20100906041310_M3.4,4.146331932280294,0.11410126591246696,4.200077579659281,3,1,212.51515197753906,212.51515197753906,3.4000000953674316
20101010204633_M3.3,4.281225458239773,0.0834526178035604,4.311299955170056,3,1,167.28494262695312,167.28494262695312,3.299999952316284
20110205153128_M3.0,3.5083196530563083,0.33996430646450326,3.5309868764628964,15,5,77.1772689819336,203.46197509765625,3.0
20110224200421_M3.3,3.879097045479778,0.4484197794941747,3.954104759511093,24,8,70.66927337646484,280.3385925292969,3.299999952316284
20110317181056_M3.1,3.9485974273029143,0.4083573111020532,3.8468033983049432,21,7,55.93606948852539,247.9779815673828,3.0999999046325684
20110327034351_M3.3,4.333955652264856,0.10747710267931301,4.293682021476535,3,1,119.21871948242188,119.21871948242188,3.299999952316284
20110425103049_M2.8,3.1150986297254173,0.5673820735215588,3.389461881837535,15,5,36.155517578125,91.00283813476562,2.799999952316284
20110428020153_M3.3,3.6249140592579088,0.832801392779233,4.040245542144644,12,4,34.259159088134766,99.13928985595703,3.299999952316284
20110629082638_M3.4,4.034805446575615,0.38259886351078093,4.039269601292496,15,5,63.385108947753906,262.3595886230469,3.4000000953674316
20110803060621_M3.2,3.664029124433745,0.22534790620979628,3.7487974380678377,12,4,66.33700561523438,223.50332641601562,3.200000047683716
20111012043216_M3.3,4.0746924058305245,0.40199941910339754,4.138639104123846,27,9,79.05088806152344,287.8874816894531,3.299999952316284
20111102113319_M3.2,4.393376674519442,0.38851427571665464,4.403670254629467,6,2,273.3357238769531,279.9988098144531,3.200000047683716
20111106232556_M3.1,3.4771702390563255,1.1005435172587126,3.7652179373643575,18,6,27.097980499267578,231.4886932373047,3.0999999046325684
20120911085947_M3.0,3.684564840372939,0.037403247831557684,3.6821145681396916,3,1,234.18983459472656,234.18983459472656,3.0
20120929154607_M3.0,3.337312511353396,0.3146104810627436,3.280712020750509,6,2,111.46259307861328,156.64625549316406,3.0
20121122203125_M3.4,3.8060899600996927,0.9527058460865587,3.9523519233041733,9,3,104.98532104492188,244.83627319335938,3.4000000953674316
20121130094018_M3.3,3.6442900593979686,1.0721688748087403,3.3887733670389415,6,2,37.843631744384766,100.29143524169922,3.299999952316284
20130726022311_M3.1,3.9153464228865325,0.12774062025680327,3.9680124333826523,3,1,135.2460174560547,135.2460174560547,3.0999999046325684
20140111055607_M3.0,4.028731561614026,0.6990896638788684,4.031198464409014,6,2,83.04708099365234,157.49668884277344,3.0
20140209113658_M3.1,3.0596138168455034,1.0589016146064307,3.689526915664597,12,4,23.492643356323242,69.74089050292969,3.0999999046325684
20140307080021_M3.1,2.9764158432241454,1.2811808105491422,3.166283176096767,15,5,21.55245018005371,161.338134765625,3.0999999046325684
20140331030840_M3.2,4.069484596688387,0.2899501288940306,3.9962969810266484,6,2,97.71015930175781,140.24667358398438,3.200000047683716
20140520060702_M3.1,4.069114946593048,0.454711253153754,4.2661662920338514,9,3,62.98465347290039,155.24722290039062,3.0999999046325684
20140606211426_M3.1,3.9294024781685764,0.3950026670264556,3.955813299985948,18,6,74.0376205444336,253.5296173095703,3.0999999046325684
20140719144216_M3.2,3.849058161786838,1.4134280901404923,4.559288415976323,9,3,30.264801025390625,163.02752685546875,3.200000047683716
20140722111139_M3.4,4.150106534714561,0.07591640444407023,4.1250929796736635,6,2,59.156471252441406,100.28443145751953,3.4000000953674316
20140810214133_M3.0,3.3609222916521486,1.4596711061608565,4.0833050339099355,9,3,26.870777130126953,159.21177673339844,3.0
20141118184219_M3.4,4.3897468282119645,0.14222604672417918,4.446815445325448,6,2,144.9298553466797,199.96664428710938,3.4000000953674316
20150703103146_M3.6,4.431293384644309,0.24140565096924865,4.45957587968098,6,2,169.65298461914062,197.04360961914062,3.5999999046325684
20150727191845_M3.3,4.031634487864317,0.059626020113058724,4.0044685809549385,3,1,189.36767578125,189.36767578125,3.299999952316284
20150813155739_M3.3,3.9241335543082587,0.1493425745759329,3.9217438236109485,6,2,152.93516540527344,225.16098022460938,3.299999952316284
20150919102101_M3.1,4.247229093731234,0.1269478109776003,4.232645356350043,6,2,56.17161560058594,176.93670654296875,3.0999999046325684
20150924013925_M3.0,3.8946090655276837,0.11032014942715308,3.9125301326851356,3,1,62.90781021118164,62.90781021118164,3.0999999046325684
20151214080448_M3.2,4.636702007512343,0.14788933163570658,4.598518171523194,3,1,151.59075927734375,151.59075927734375,3.200000047683716
20151228062903_M3.4,1.853373763279898,0.8000356451931837,1.9757305098240412,5,2,24.737552642822266,47.5050163269043,3.4000000953674316
20160213172935_M3.0,3.77188837062485,0.11894449508648226,3.741064312789196,3,1,219.89048767089844,219.89048767089844,3.0
20160803063422_M3.3,3.9608040216096216,0.421125724948986,3.9022722156286136,6,2,53.53642272949219,80.93386840820312,3.299999952316284
20160826152318_M3.0,3.8118476199541025,0.18490756350389975,3.8682513788886608,9,3,77.03630828857422,212.70236206054688,3.0
20161021130441_M3.2,3.6257660363008375,0.41606293675657086,3.7357520778746434,9,3,127.84062957763672,181.38735961914062,3.200000047683716
20161028232611_M3.1,3.7228825970885944,0.21477652211954576,3.6903653643653227,6,2,121.37066650390625,175.07260131835938,3.0999999046325684
20161121221500_M3.1,3.918511018787149,0.13992609124752675,3.9000203703876837,6,2,105.4611587524414,124.33051300048828,3.0
20161216010941_M3.1,3.520680344952661,0.0990161531545714,3.5122899264347938,6,2,58.75263977050781,99.44541931152344,3.0999999046325684
20170113224953_M3.0,3.72291733741846,0.634652066975825,3.980440106603873,9,3,74.37507629394531,110.51898193359375,3.0
20170425170301_M3.0,3.909686600890428,0.15834346320780937,3.9914684412876573,3,1,199.1945343017578,199.1945343017578,3.0
20170516080549_M3.0,2.327494442406254,1.092406415374586,2.277531954221862,12,4,24.253311157226562,102.851806640625,3.0
20170519052826_M3.3,4.498298015405688,0.350024703021158,4.370935247951479,9,3,105.7388687133789,197.5402374267578,3.299999952316284
20171225080157_M3.3,3.881522516061585,0.27964712640534056,3.899164774019048,9,3,53.80501937866211,71.77166748046875,3.299999952316284
20180106050851_ML2.2,3.131010230204058,0.23364482446557636,3.141255588995535,12,4,55.50722122192383,99.34440612792969,2.200000047683716
20180107201233_ML4.0,3.4777707133078017,1.3794839907254086,4.551292200833082,24,8,67.599853515625,308.4378662109375,4.0
20180107201417_ML4.0,3.1685674115411837,1.2540987727424668,2.5134553013187055,15,5,29.2569637298584,92.63671875,4.0
20180107212800_ML2.5,3.336135355553933,0.995322046517178,3.8112614748997444,12,4,30.326541900634766,93.8883285522461,2.5
20180108232005_ML4.3,3.3542928143913753,1.2579384859796705,2.8912890666513302,36,12,27.234952926635742,354.2330322265625,4.300000190734863
20180108232645_ML2.9,3.3094072782646142,0.20843451702410937,3.3369961532814365,15,5,76.19749450683594,131.34738159179688,2.9000000953674316
20180109133033_ML3.5,4.04723837352841,0.22661867832824553,4.017449658508716,15,5,63.35530090332031,188.07037353515625,3.5
20180109133100_ML3.5,3.9146908152861633,0.28625777103081473,3.953197429619634,18,6,64.69464111328125,184.5237579345703,3.5
20180109144406_ML2.7,3.2517917815441515,0.18705287524328343,3.210769635363939,9,3,67.33023071289062,125.52194213867188,2.700000047683716
20180113044909_ML3.0,3.6877677150455423,0.5714688112904668,3.807813635243493,24,8,27.871723175048828,87.87301635742188,3.0
20180113045015_ML3.4,3.376465197486679,0.9711617088428677,3.741982260569273,9,3,31.423906326293945,75.72359466552734,3.4000000953674316
20180114151600_ML3.1,3.355161329210303,0.808472440882034,3.552516446193998,15,5,30.40273094177246,153.737548828125,3.0999999046325684
20180114151651_ML3.1,3.2676884600903247,0.8031237825704279,3.2381631788833287,15,5,32.606101989746094,155.52638244628906,3.0999999046325684
20180120181237_ML2.3,2.8239063092926506,0.6771808220364887,2.992291036635785,15,5,26.30547332763672,87.98971557617188,2.299999952316284
20180202035239_ML3.4,4.083853248254054,0.2772224843471893,3.956967256544769,15,5,62.21481704711914,166.53501892089844,3.4000000953674316
20180202154633_ML2.4,3.883876506513969,0.7118170541980279,3.863159063709874,12,4,59.97964096069336,147.10580444335938,2.700000047683716
20180202213138_ML3.0,3.9708907763252492,0.26094895433129234,3.918779494609868,9,3,146.77467346191406,165.81149291992188,3.0
20180208220204_ML2.2,3.453755991581245,0.20916148596637013,3.4164585787628923,9,3,68.36201477050781,130.472900390625,2.200000047683716
20180209124828_ML3.9,3.7258513490166205,1.2166338736629665,4.465874641452985,24,8,29.001569747924805,304.0901794433594,3.9000000953674316
20180209124939_ML3.9,4.34616892876615,1.0283121201423961,4.599630211774928,6,2,155.0234832763672,199.3773651123047,3.9000000953674316
20180209145745_ML5.0,4.944742311780414,1.129194421895569,5.453367202075994,15,5,224.4304656982422,440.3905334472656,5.0
20180228172231_ML3.1,4.050590695038079,0.24104164739938583,4.052123678722485,18,6,108.58670806884766,216.59246826171875,3.0999999046325684
20180312200656_ML2.9,3.5846391325669122,0.20483298182182139,3.532070458295835,15,5,53.965606689453125,324.6901550292969,2.9000000953674316
20180318205257_ML1.8,2.9695413234893695,0.4493930809322811,3.0436522746542187,9,3,55.289024353027344,132.63775634765625,1.7999999523162842
20180326043955_ML2.6,3.03128320251829,0.8738370015705041,3.349221120249521,12,4,29.27454376220703,174.5013427734375,2.5999999046325684
20180504001709_ML4.3,4.706114846698061,0.7046694259538417,4.8429380828643716,15,5,188.87542724609375,373.49420166015625,4.300000190734863
20180608202025_ML3.4,3.642379702364637,0.14618230685528674,3.699527734306119,6,2,205.88389587402344,263.6727294921875,3.4000000953674316
20180619012405_ML3.2,3.8613283294324443,0.2003669521190555,3.82968908244696,6,2,185.322998046875,203.036865234375,3.200000047683716
20180619012405_ML3.3,3.9178108516385155,0.2086722398177472,3.964980539012529,6,2,189.49215698242188,205.66603088378906,3.299999952316284
20180703142033_ML3.2,3.732608796467429,0.2132939826862923,3.7385705601592822,15,5,106.17070007324219,223.7196502685547,3.200000047683716
20180729074308_ML3.5,4.096823214645867,0.2680672289622734,4.04905992508605,15,5,155.77264404296875,276.6466064453125,3.5
20180730060025_ML3.5,3.895406021219752,0.2325221659943204,3.8103926402952557,18,6,171.05551147460938,331.80609130859375,3.5
20180812174454_ML5.1,5.268992353836578,0.21354077063711746,5.209295260576933,18,6,246.86846923828125,355.26641845703125,5.099999904632568
20180813195102_ML5.0,5.184856797391344,0.39013185171452663,5.228688104892737,27,9,232.10073852539062,519.9085083007812,5.0
20180820205911_ML3.4,4.047029169776683,0.43503950943458986,4.119772214990711,18,6,98.1001968383789,242.91050720214844,3.4000000953674316
20180907054303_ML3.8,4.032655450926966,0.20900673940792772,4.024692658198436,18,6,111.57722473144531,280.6319885253906,3.799999952316284
20180908023055_ML5.9,4.036475097200637,1.116339960552076,3.583030085114616,21,7,264.75335693359375,520.3749389648438,5.900000095367432
20180919150834_ML3.3,3.6914641280238847,0.32252331468205353,3.573186030994316,12,4,97.90653228759766,225.71107482910156,3.299999952316284
20181008140206_ML3.9,3.9331538788020044,0.17346141980371943,3.9084517916914177,12,4,309.3472900390625,369.2353515625,3.9000000953674316
20181012180509_ML3.2,3.5181250328490195,0.11182686796800982,3.5233827221150227,6,2,180.083984375,266.1493835449219,3.200000047683716
20181106101857_ML3.5,3.524336641197463,0.8640915114499699,3.8382732349969793,12,4,22.776182174682617,274.186767578125,3.5
20181227072929_ML4.2,4.624831683214046,0.4186447226562687,4.43270649843077,15,5,136.21939086914062,303.5319519042969,4.199999809265137
20181227073005_M4.2,4.643396559466093,0.43416723635882376,4.443682839328629,15,5,140.18182373046875,306.6951904296875,4.199999809265137
20190106144555_ML3.7,4.568636809161069,0.18414595461767244,4.495333229156266,9,3,208.9304962158203,243.92298889160156,3.700000047683716
20190109065709_ML3.3,4.163167254629903,0.23931886108540298,4.099267080796551,9,3,161.9755859375,211.89100646972656,3.299999952316284
20190109141220_ML3.5,4.093957524360035,0.577389851755633,4.318631114288831,12,4,137.65867614746094,234.9042205810547,3.5
20190109152047_ML3.5,4.146274232788699,0.4227688614878549,4.263114662568578,21,7,142.4121551513672,239.9012451171875,3.5
20190110090724_ML3.8,4.407172947588619,0.4975527047108863,4.604449407495574,21,7,143.74867248535156,241.0370635986328,3.799999952316284
20190110120003_ML4.3,4.487369995300507,0.9565609714829597,4.8035380102048375,18,6,145.91387939453125,399.0540771484375,4.300000190734863
20190112094645_ML3.0,3.597087471067366,0.8733051953015104,3.8743090541295673,27,9,21.187610626220703,194.05812072753906,3.0
20190114160034_ML3.3,3.6002099499610396,0.7056214356976767,3.6123959853192193,6,2,184.56021118164062,231.2349395751953,3.299999952316284
20190115182600_ML3.7,4.423721142637447,0.5187413545584387,4.578487348275375,15,5,135.19187927246094,232.75543212890625,3.700000047683716
20190117053501_ML3.7,4.1646159582120665,0.7417584640038515,4.39727184890579,27,9,87.17134857177734,287.5003662109375,3.700000047683716
20190128081000_ML3.0,3.270383988423058,0.42751834161366836,3.2843721760117477,6,2,45.17228317260742,124.50818634033203,3.0
20190212123259_ML3.5,4.087399666752002,0.4628041624888224,4.260158517109991,15,5,141.65846252441406,238.4384307861328,3.5
20190212144618_ML4.2,5.135175283122534,0.2524431587465811,5.111570145293623,18,6,199.40333557128906,572.3983764648438,4.199999809265137
20190213092840_ML3.6,4.312692122167336,0.4772865710476625,4.41197812178043,15,5,163.07643127441406,293.8431396484375,3.5999999046325684
20190217072114_ML3.3,4.232128344083753,0.1028269192929307,4.257252034179892,9,3,126.64521026611328,178.1627197265625,3.299999952316284
20190217083632_ML3.5,4.054692635361383,0.520051498491948,4.248936556308225,15,5,142.58990478515625,240.13121032714844,3.5
20190223183754_ML3.6,4.207938329902735,0.5353484782562875,4.4245479077547465,12,4,136.32382202148438,233.46014404296875,3.5999999046325684
20190329060221_ML3.6,4.177541840065325,0.6197403759278464,4.557233393767577,9,3,148.54820251464844,257.22802734375,3.5999999046325684
20190331071001_ML3.9,4.544473395160741,0.6056884615559929,4.689597954108248,9,3,142.32411193847656,230.31369018554688,3.9000000953674316
20190422182100_ML3.7,4.331776082280961,0.3326232894190108,4.40209258643001,21,7,189.9635009765625,305.66558837890625,3.700000047683716
20190516163614_ML3.3,3.9743564142387617,0.5932866883050791,4.115789540094077,9,3,85.1279067993164,173.78810119628906,3.299999952316284
20190521104755_ML4.0,3.50717970960765,1.343604548812187,4.340232743333879,21,7,26.71355438232422,237.20010375976562,4.0
20190522235118_ML3.6,3.6966066368239723,0.1355028895544343,3.6752422038002064,9,3,146.9275360107422,242.38229370117188,3.5999999046325684
20190527233039_ML3.4,4.357473859753006,0.1100702139070397,4.33021854142227,6,2,166.81211853027344,179.79534912109375,3.4000000953674316
20190622104124_ML3.7,4.073726752599844,0.9388991076831994,4.603448122080776,9,3,82.80500030517578,110.37771606445312,3.700000047683716
20190701111450_ML3.3,2.5834012098677057,0.7309223079475753,2.919506394026269,9,3,34.02095413208008,61.81903839111328,3.299999952316284
20190714014956_ML3.5,3.697363435025516,1.0268695457350325,4.21984606238864,24,8,33.68833541870117,183.01864624023438,3.5
20190714151156_ML3.6,4.183508036554246,0.6625819885179193,4.387835067716777,24,8,81.56531524658203,358.1656799316406,3.5999999046325684
20190720225038_ML3.8,4.29262209806814,0.676210017328764,4.5525374879211515,9,3,164.8399200439453,274.7142333984375,3.799999952316284
20190827092730_ML3.1,4.016247834560231,0.12450101528617032,4.017502910845341,9,3,49.607845306396484,269.1282653808594,3.0999999046325684
20190830222352_ML4.3,4.743135266362095,0.18063117037085671,4.758835256749209,24,8,180.92506408691406,392.34375,4.300000190734863
20190901071056_ML3.0,3.649735527466953,1.1552529230966453,4.127743491734509,6,2,119.89676666259766,149.9394073486328,3.0
20190901090956_ML3.5,4.451341958765241,0.30164651801299697,4.4752597941965355,27,9,72.13204193115234,358.7647705078125,3.5
20190922075530_ML3.9,4.831681620859824,0.11640730294191783,4.872727501274557,9,3,118.05650329589844,200.54605102539062,3.9000000953674316
20191006043335_ML3.4,4.187466512168034,0.16099916227399896,4.247097996071233,15,5,62.617218017578125,250.5486297607422,3.4000000953674316
20191103001530_ML3.3,4.3415685971093,0.27121072004085817,4.333686233678287,15,5,120.11654663085938,203.12521362304688,3.299999952316284
20191115110831_ML3.5,4.464739694554236,0.30664036829852775,4.519720820458916,15,5,130.01126098632812,223.2196044921875,3.5
20191119004305_ML3.7,4.614415325026244,0.23260024701853893,4.6215494588713595,18,6,122.42530059814453,332.826904296875,3.700000047683716
20191120083156_ML4.1,4.235375500275974,0.9953122871459664,4.602576099906032,30,10,31.37030792236328,402.0098571777344,4.099999904632568
20191120083223_ML4.1,4.638914809460183,0.2136256133655421,4.572886711872781,18,6,241.98011779785156,387.4294128417969,4.099999904632568
20191122080718_ML3.2,4.137605178953211,0.18164473177969473,4.118718412618561,12,4,130.68008422851562,243.9780731201172,3.200000047683716
20191127212856_ML3.0,3.3977826939743228,1.1670508479255157,3.8352632994682825,9,3,28.221269607543945,82.22691345214844,3.0
20191127234457_ML4.8,3.5387172947469674,1.2560064010292067,2.841257812944529,21,7,109.15680694580078,404.55755615234375,4.800000190734863
20191128005956_ML3.0,4.192524126676658,0.1661073264501487,4.204009081379852,9,3,110.00868225097656,163.61985778808594,3.0
20191201103456_ML3.0,4.239451306233636,0.14502391688691124,4.2144104870216585,12,4,64.21571350097656,179.02362060546875,3.0
20191203060956_ML3.1,4.248033970491392,0.2390651126762089,4.245505832771362,12,4,60.218074798583984,175.1492919921875,3.0999999046325684
20191228034224_ML3.0,3.986498155596961,0.3509131905397748,4.015818240186542,15,5,131.878662109375,224.58843994140625,3.0
20191230123956_ML3.1,3.970471276905885,0.2828310254609829,3.9270081857818786,21,7,53.06830978393555,240.20860290527344,3.0999999046325684
20200101040503_ML3.2,4.203541218995562,0.15367347079919308,4.233593781940383,18,6,116.58329772949219,241.22996520996094,3.200000047683716
20200103123939_ML3.1,4.218226308486335,0.2191112130357435,4.250385679102296,21,7,100.75894927978516,249.80364990234375,3.0999999046325684
20200122212559_ML4.1,4.71656370896403,0.20551926855094008,4.6642651574904574,18,6,180.92520141601562,381.0425720214844,4.099999904632568
20200219092617_ML3.3,4.523690793936491,0.2785267860706465,4.548802930518913,21,7,61.307552337646484,264.4635009765625,3.299999952316284
20200228181235_ML4.0,4.687951107596103,0.2649807917305423,4.661662609944726,24,8,174.12733459472656,425.9822692871094,4.0
20200229081258_ML2.6,3.690555976065658,0.2965206897409603,3.6562879219137576,24,8,54.68782424926758,327.4145812988281,2.5999999046325684
20200312211615_ML3.1,4.127490694414223,0.2904341320473268,4.041633681795341,21,7,121.26374816894531,237.3206787109375,3.0999999046325684
20200321051715_ML2.1,2.988328591336705,0.29068237366468114,2.9837514838280192,12,4,28.422698974609375,137.46624755859375,2.0999999046325684
20200329053125_ML2.1,2.7476426182458913,0.425620258456457,2.8251870569275823,12,4,37.96985626220703,85.31893157958984,2.0999999046325684
20200403224444_ML2.0,3.346865643944366,0.24972231263762243,3.244862960974573,9,3,70.41111755371094,115.82333374023438,2.0
20200410200151_ML4.3,4.614366036587457,0.5412687441925192,4.692587122599855,39,13,172.0963134765625,532.7078857421875,4.300000190734863
20200418115437_ML2.5,3.180094782701061,0.49292433417458614,3.172136304816619,18,6,42.470794677734375,175.44375610351562,2.5
20200505215456_ML3.3,3.98797997801931,0.8737649369184554,4.292860440725324,27,9,44.80533218383789,216.81588745117188,3.299999952316284
20200615164203_ML3.4,3.707019754453721,0.9715373321204716,3.966045209253593,21,7,23.87666893005371,240.98941040039062,3.4000000953674316
20200616061112_ML4.8,4.3857119554509785,1.3888305705965625,5.307291878322729,39,13,71.7759780883789,504.64862060546875,4.800000190734863
20200616085400_ML2.0,2.4926919084802766,0.44258323383887416,2.420621243761262,9,3,21.019479751586914,123.0810317993164,2.0
20200616150212_ML2.5,2.6528135949359464,0.7508645314250285,2.740708220827121,9,3,24.69209098815918,75.10014343261719,2.5
20200616180823_ML2.1,2.764397844623728,0.7325752367760311,3.09794221619927,12,4,22.28849220275879,124.43588256835938,2.0999999046325684
20200616204631_ML2.8,3.4724734873323695,0.6566465702676663,3.654351095680643,24,8,28.63528060913086,246.5675506591797,2.799999952316284
20200618191525_ML2.3,3.1846975285642487,0.3027719126204871,3.2826534817828508,12,4,53.025020599365234,129.2249755859375,2.299999952316284
20200618220017_ML2.9,3.7460336956716964,0.21270524906177254,3.8228606938786913,21,7,57.2203483581543,246.26783752441406,2.9000000953674316
20200619010812_ML3.1,3.8934636747103166,0.47154472667010744,3.8912199324190615,18,6,52.19199752807617,238.8785400390625,3.0999999046325684
20200622151923_ML3.3,4.332664747280257,0.2329549884985855,4.361484166225054,24,8,59.316219329833984,245.51806640625,3.299999952316284
20200626193357_ML3.8,4.213043128583583,0.8804061616148062,4.420508304096067,24,8,69.61004638671875,302.130126953125,3.799999952316284
20200628044025_ML2.6,3.721480937065761,0.11118037643538066,3.7259224531347446,6,2,72.59306335449219,124.63356018066406,2.5999999046325684
20200727051155_ML5.0,3.3185802558440343,0.849218642736322,3.006373151567941,39,13,65.95845794677734,297.49127197265625,5.0
20200727051157_ML5.1,3.3155032182179096,0.8495012415109162,3.006373151567941,39,13,65.70318603515625,297.49127197265625,5.046153802138108
20200727053656_ML3.0,3.649946486464609,0.7790858064512458,3.7892368946229635,21,7,66.88668060302734,211.7374267578125,3.0
20200727053659_ML3.3,3.7193526358050337,0.7467573832560335,3.808086515244769,24,8,66.88668060302734,211.7374267578125,3.149999976158142
20200727084957_ML3.4,3.674330532983703,1.032297352147475,4.225369505977268,12,4,63.28534698486328,147.3077392578125,3.4000000953674316
20200727084958_ML3.4,3.919918818310093,0.8799207255828743,4.2349856014955565,21,7,64.24407958984375,199.25115966796875,3.4000000953674316
20200727091456_ML3.3,3.683595508569164,1.0094630426701134,4.099293782159213,12,4,65.10099792480469,147.09132385253906,3.299999952316284
20200727091458_ML3.4,3.904023337225612,0.9357447478402706,4.232754029366513,21,7,63.89535140991211,199.09970092773438,3.4000000953674316
20200727162248_ML2.6,3.8089278047252635,0.6772035195090998,3.784874846302534,6,2,65.42149353027344,94.97087860107422,2.5999999046325684
20200727231556_ML3.4,3.6388044186879775,1.0996666788554792,4.2164843727891075,12,4,62.91695785522461,148.38209533691406,3.4000000953674316
20200727231559_ML3.0,3.8648628869078827,0.9632808489387653,4.242411363408133,21,7,62.71998596191406,197.7621307373047,3.0
20200728012456_ML4.1,4.487324806190745,1.0262799756669363,4.873094675350244,21,7,63.70561599731445,205.37399291992188,4.099999904632568
20200728012458_ML3.8,4.494502343838139,1.0090312488140971,4.873094675350244,21,7,64.82554626464844,205.37399291992188,3.885714224406651
20200728022652_ML2.4,2.720137871338774,1.353712936923983,3.0756319888685164,9,3,12.192464828491211,94.87798309326172,2.4000000953674316
20200728045956_ML3.1,3.4494420089523694,0.9714796983453358,3.822190620018099,12,4,65.14823913574219,149.78021240234375,3.0999999046325684
20200728045959_ML3.5,3.7060750567892446,0.8985814414105816,3.964408397921361,18,6,63.811134338378906,183.78489685058594,3.5
20200728055918_ML2.7,3.8963246020712208,0.5609760447935697,3.9310065109153216,6,2,62.46263885498047,97.7876968383789,2.700000047683716
20200728110657_ML3.4,3.7448724540912863,1.0612273128523906,4.2244975723412175,12,4,65.06594848632812,148.76513671875,3.4000000953674316
20200728110658_ML3.4,3.919973923011422,0.9127922561324691,4.274006546876329,21,7,64.4041519165039,199.55836486816406,3.4000000953674316
20200728132556_ML3.5,4.0664965497531345,0.8628431445944426,4.257366799859009,21,7,64.3010482788086,214.28529357910156,3.5
20200728132559_ML3.4,3.971231561336214,0.8625288740568412,4.20027844310224,24,8,63.107669830322266,214.28529357910156,3.4125000834465027
20200728141056_ML2.4,3.4880712751011185,0.6320816735502904,3.484045272765136,6,2,62.99381637573242,97.61648559570312,2.4000000953674316
20200731222756_ML3.7,4.2400213735223415,0.7510657292105332,4.3840830241928685,27,9,65.8349380493164,246.579833984375,3.700000047683716
20200731225156_ML4.0,4.606467427329477,0.22265396940470913,4.6431056799577455,18,6,147.56900024414062,368.4537353515625,4.0
20200803101456_ML3.4,3.9240093673857666,0.9049898714670433,4.20116634952009,21,7,61.84349822998047,233.12112426757812,3.4000000953674316
20200803101458_ML3.5,4.230151470128201,0.32905311230712253,4.2092606087967885,21,7,64.52157592773438,233.12112426757812,3.200000047683716
20200804151956_ML3.0,3.9963531817311284,0.43415267635677696,3.8216649230152693,12,4,67.67330169677734,214.20498657226562,3.0
20200804152104_ML3.0,3.922460902770497,0.28131280926929453,3.8194941349693288,21,7,72.2721939086914,209.07603454589844,3.0
20200806104620_ML2.8,3.773854730768414,0.37495096150887264,3.6671463562849236,21,7,67.31633758544922,251.04013061523438,2.799999952316284
20200806232756_ML3.3,3.6420810188042485,0.8433262973730669,4.070858910965441,12,4,67.25849151611328,212.68930053710938,3.299999952316284
20200806232757_ML3.3,3.949832400831019,0.8222378710640897,4.142392226543134,18,6,67.25849151611328,212.68930053710938,3.299999952316284
20200807031756_ML3.1,3.452055660952121,1.0241340745168712,3.724907627450394,9,3,63.478309631347656,96.37052154541016,3.0999999046325684
20200817011156_ML4.4,4.282342102541238,1.3128210605769428,5.010431495101448,33,11,59.82718276977539,277.5130920410156,4.400000095367432
20200817011159_ML4.3,4.0799658053843455,1.335253756164838,4.84733255055445,27,9,61.30988311767578,243.72039794921875,4.333333492279053
20200817012514_ML4.1,4.367006938732109,1.0075073027668875,4.7277388537569545,27,9,64.73519897460938,235.72238159179688,4.099999904632568
20200817012956_ML3.2,2.736671749164007,0.9811360713185695,2.6732224502317257,6,2,65.17444610595703,95.31470489501953,3.200000047683716
20200817014256_ML3.3,3.7666169190131304,0.9477507723789287,4.050252383556089,15,5,63.559635162353516,212.84523010253906,3.299999952316284
20200817032103_ML3.0,3.3778398689129676,1.0943464658951032,3.535711914129511,24,8,12.066993713378906,245.6800079345703,3.0
20200817032104_ML3.0,2.840821575351686,1.6371840777245592,3.513602932798424,9,3,12.066993713378906,75.85629272460938,3.0
20200817060033_ML3.2,3.925498018075629,0.36488665024083033,3.8404652031843254,12,4,59.414302825927734,214.80148315429688,3.200000047683716
20200819182656_ML2.7,3.447697782174851,0.33564527843160075,3.5079918757176953,9,3,180.25051879882812,204.85989379882812,2.700000047683716
20200822041526_ML3.4,3.98046115759851,0.7630027588328364,4.2003592219308326,24,8,74.98662567138672,296.095703125,3.4000000953674316
20200825071005_ML2.5,3.2953879062432807,0.17815413996846186,3.3598596697804295,3,1,71.51637268066406,71.51637268066406,2.5
20200825213422_ML2.6,4.186904316291786,0.5084091869782835,3.877511112591751,9,3,70.33555603027344,189.5228271484375,2.5999999046325684
20200831092647_ML2.7,4.105001381217682,0.09936155906472009,4.118843958154184,3,1,77.16878509521484,77.16878509521484,2.700000047683716
20200919214822_ML2.6,4.443598464764575,0.04367462553826599,4.430588479223258,3,1,66.7590103149414,66.7590103149414,2.5999999046325684
20200921012456_ML3.1,3.741283806387691,0.8840350667100115,3.950501448305865,18,6,63.53487014770508,205.33290100097656,3.0999999046325684
20200924135442_ML3.0,3.9068920811041417,1.0234381429022053,4.24164103316307,6,2,69.58793640136719,178.31431579589844,3.0
20200925013722_ML3.0,4.198682001412855,0.11116777391347023,4.219624254370083,3,1,141.1455841064453,141.1455841064453,3.0
20201018234402_ML2.1,3.1393027241043234,0.07917924343351217,3.1785370675637745,3,1,74.2062759399414,74.2062759399414,2.0999999046325684
20201020115856_ML2.6,3.771352777411989,0.4086412602592759,3.622766905067123,18,6,84.97126007080078,187.2171173095703,2.5999999046325684
20201102195406_ML3.5,4.127987913247911,0.1811293989002486,4.139293037489509,12,4,205.4311065673828,354.8345947265625,3.5
20201108203714_ML2.0,3.230468640544123,0.7297938281573504,3.1078675595367202,15,5,49.23745346069336,129.8447723388672,2.0
20201111071724_ML3.0,3.3552241576578474,1.0815096254404841,3.856519965959638,9,3,68.07196044921875,145.11990356445312,3.0
20201120004642_ML2.9,3.7385284992287944,0.5424840411022215,3.676060791987958,12,4,63.6389274597168,205.41310119628906,2.9000000953674316
20201125102131_ML2.8,3.389459083170644,0.7471043045277854,3.6349401406746473,21,7,28.546560287475586,244.5435791015625,2.799999952316284
20201203115000_ML2.3,3.4850598223877953,0.2486807351441249,3.4257849543929138,12,4,55.045074462890625,208.39720153808594,2.299999952316284
20201222180813_ML2.4,3.5591821496240135,0.12797319771586735,3.6055957399853185,9,3,67.7736587524414,172.5599365234375,2.4000000953674316
20201222234726_ML2.5,3.80885851199946,0.1277803125835519,3.862804826329376,6,2,88.58618927001953,108.76126861572266,2.5
20201223070421_ML2.4,2.6011770417156774,1.102136755435047,2.620817595895618,6,2,19.731571197509766,54.177425384521484,2.4000000953674316
20201230190235_ML3.3,4.437967674696967,0.7896058002076338,4.173916975976839,12,4,132.37298583984375,328.7839050292969,3.299999952316284
20210106083602_ML2.7,3.7713450328374596,0.2991987050272312,3.6842842667779525,6,2,70.46802520751953,147.6573486328125,2.700000047683716
20210110055921_ML2.7,3.5489832598480358,0.4442166487590868,3.4987453042114964,21,7,26.45224952697754,232.32424926757812,2.700000047683716
20210112211631_ML3.6,4.274430078793836,0.3538116403936022,4.161085565816843,30,10,62.341575622558594,438.94598388671875,3.5999999046325684
20210115150808_ML2.9,3.8045444648812654,0.2652079830240873,3.740291501801923,15,5,70.27420043945312,423.79443359375,2.9000000953674316
20210205231951_ML2.8,3.597759859009076,0.3966252592895917,3.570971278208497,27,9,28.658479690551758,279.9127502441406,2.799999952316284
20210213231042_ML2.9,3.803204583838977,0.1588809664067705,3.894574054027832,9,3,114.33168029785156,272.4219055175781,2.9000000953674316
20210407045342_ML2.1,3.0925471133022877,0.24727894440554068,3.0725034026988642,6,2,121.21533203125,132.44883728027344,2.0999999046325684
20210420044650_ML2.1,3.3396527419735036,0.09664210195675745,3.381663429580591,3,1,144.1045379638672,144.1045379638672,2.0999999046325684
20210510232452_ML2.8,3.627511124206723,0.1916873545411173,3.6462900049254605,18,6,68.60213470458984,239.77444458007812,2.799999952316284
20210515080300_ML2.8,4.003348914956085,0.2779341405713216,4.014962841043859,21,7,65.23145294189453,234.44544982910156,2.799999952316284
20210525004621_ML2.4,2.5365798739716006,0.5928483283653652,2.5726157001963563,6,2,44.1538200378418,67.81270599365234,2.4000000953674316
20210526034133_ML2.2,3.4758916154186323,0.4322090774657181,3.5767215071678713,9,3,65.70332336425781,102.9599838256836,2.200000047683716
20210609163430_ML2.5,3.6913772928802078,0.2083454441281482,3.655793549963952,9,3,110.37627410888672,179.7003936767578,2.5
20210614220447_ML2.2,3.4778327148721795,0.27703546700655984,3.4665685167834597,9,3,74.73909759521484,241.95301818847656,2.200000047683716
20210825121410_ML2.4,3.4589992685558824,0.039760748666235204,3.479374130527307,3,1,189.46090698242188,189.46090698242188,2.4000000953674316
20210831094010_ML2.6,3.9730224617051704,0.02804847107634625,3.9718912106354214,3,1,142.94488525390625,142.94488525390625,2.5999999046325684
20210902101042_ML2.3,2.8950718874577106,0.4241097404499877,2.910076367015683,6,2,42.90880584716797,116.77599334716797,2.299999952316284
20211007200339_ML2.2,3.386008034224566,0.8376071089514566,3.4492972077184394,27,9,30.988466262817383,207.98324584960938,2.200000047683716
20211020081743_ML2.1,3.363508416495165,0.2904048276136372,3.2403418941718805,15,5,72.29978942871094,161.00205993652344,2.0999999046325684
20211024194709_ML2.0,3.2674727060850555,0.13859367596238575,3.274440457823779,6,2,104.77222442626953,135.1254119873047,2.0
20211108123654_ML3.0,4.068907550634889,0.4060423453344609,3.978929604543701,21,7,73.2193832397461,298.4634704589844,3.0
20211108123705_ML3.0,4.134382811037859,0.4076211964469442,4.124466995420173,18,6,75.95010375976562,301.4239807128906,3.0
20211126213529_ML2.5,3.2079443185930203,0.8002358819210879,3.2947977948481526,12,4,37.54666519165039,160.88165283203125,2.5
20211204180121_ML2.3,3.4633752170581666,0.4759438412310459,3.388137478415667,6,2,100.3254165649414,128.27883911132812,2.299999952316284
20211206213635_ML2.6,3.3955888706752066,0.297363090220373,3.3378451283406725,39,13,59.36248779296875,205.96852111816406,2.5999999046325684
20211215045136_ML2.5,3.445602361471085,0.39719872274886603,3.39124543211335,12,4,58.16337966918945,101.59280395507812,2.5
20211231224607_ML1.4,2.8353021274717514,0.5944619001595076,3.0609367653141253,21,7,34.69099807739258,111.96871948242188,1.399999976158142
20220110000819_ML2.4,3.0488912471567318,0.7428213937179718,3.1505648735387846,9,3,31.391878128051758,77.91838073730469,2.4000000953674316
20220202053210_ML2.0,2.593356909174828,0.3668876724194815,2.48995448815349,9,3,26.10358238220215,107.36385345458984,2.0
20220225232019_ML2.2,3.0440448357694296,0.7183222668822875,3.308721812973224,24,8,29.568105697631836,152.68450927734375,2.200000047683716
20220314022136_ML3.9,4.040304457264235,0.7895810101021911,4.1888026740996365,27,9,37.661930084228516,355.6713562011719,3.5999999046325684
20220420215406_ML2.0,3.0451265090273125,0.6765395096325871,3.272813217104754,21,7,33.33381652832031,138.77232360839844,2.0
20220422111325_ML3.2,3.587905547091327,0.8453349938535184,3.8960938564964946,45,15,29.111406326293945,292.0296936035156,3.200000047683716
20220501120401_ML2.3,2.493820932119717,0.799028207863086,2.900101450400996,12,4,18.875980377197266,93.63847351074219,2.299999952316284
20220519005706_ML2.5,3.113512021818893,0.4392848203281312,3.233265495198537,21,7,37.500335693359375,129.37359619140625,2.5
20220604183510_ML2.6,2.6908574253231827,0.7734849486382753,3.1024339126450973,21,7,35.44694137573242,116.00176239013672,2.5999999046325684
20220611014132_ML3.7,4.565147305607547,0.225003811400121,4.518906060033675,45,15,89.5458984375,392.67138671875,3.700000047683716
20220618094610_ML2.5,2.8255653260944267,0.7002989923985569,2.996642001677696,24,8,27.74997329711914,75.6282730102539,2.5
20220711235115_ML2.9,3.927973683839471,0.25937502914453,3.9243055589881077,33,11,95.57835388183594,195.76724243164062,2.9000000953674316
20220711235115_ML3.0,3.8770165372677226,0.27178808222627515,3.8380142973543485,30,10,92.15674591064453,191.53494262695312,3.0
20220717095218_ML3.4,3.2984800609596676,1.0477157777802588,3.7898854141160396,54,18,31.262065887451172,354.62054443359375,3.4000000953674316
20220730165146_ML3.7,4.419565646034586,0.37815362391393864,4.428160831230635,60,20,61.74528121948242,539.72265625,3.700000047683716
20220804115123_ML2.4,2.2197199928665197,0.4170248473190605,2.3353071581150875,12,4,32.3752555847168,45.57508087158203,2.4000000953674316
20220806153901_ML2.5,2.669832238093307,0.5256071721912132,2.851949193504278,12,4,44.41045379638672,103.62149047851562,2.5
20220809202829_ML-12345.0,4.325973302596191,0.36218359212366413,4.316448705600761,51,17,65.9883804321289,440.6778564453125,
20220816173801_ML2.8,3.968789689883872,0.7086569061112042,3.7967254176649976,27,9,107.72798919677734,458.44775390625,2.799999952316284
20220823115709_ML2.5,2.27790163546752,1.1520247365813967,2.413309388734812,6,2,19.05827522277832,64.89669799804688,2.5
20220902201805_ML2.8,3.6801280249288637,0.3103672140490734,3.6855207632415956,33,11,57.2039680480957,196.2291717529297,2.799999952316284
20220905213036_ML2.8,2.7820196806715636,0.6508140182366184,2.891817379464334,24,8,22.502256393432617,73.4523696899414,2.799999952316284
20220908002207_ML2.5,3.6227909024387706,0.1755303190496267,3.6914183220090586,9,3,55.46354675292969,191.8787384033203,2.5
20220916102613_ML2.2,2.3386812831471238,0.6913325777939735,2.564564569417865,18,6,22.83022117614746,62.14286804199219,2.200000047683716
20221002015545_ML3.7,4.3040684937016875,0.5979154844391348,4.374520482074831,60,20,60.14170837402344,278.08233642578125,3.700000047683716
20221003063414_ML2.8,3.738680226497351,0.19145937720406145,3.743355610256317,36,12,57.762229919433594,243.23573303222656,2.799999952316284
20221003205912_ML2.3,3.2421117828372954,0.30969057983217807,3.2808589446236924,33,11,55.67072296142578,214.63987731933594,2.299999952316284
20221005183619_ML3.2,4.052335564713972,0.24466078129593924,4.025020974524732,60,20,61.225791931152344,279.30853271484375,3.200000047683716
20221010192653_ML3.9,4.230997607539879,0.921126163873036,4.492853746799769,48,16,35.482643127441406,385.85809326171875,3.9000000953674316
20221012214312_ML2.6,3.4728554043523223,0.18822789163856216,3.484377331224093,27,9,69.37094116210938,164.28041076660156,2.5999999046325684
20221214080718_ML4.0,4.2800602296567,0.7777387511838981,4.501394314273248,42,14,25.261384963989258,240.4861602783203,4.0
20221217150127_ML2.7,3.555277005418221,0.5899788223433399,3.7053867192230205,15,5,24.040876388549805,174.2421112060547,2.700000047683716
20221227180633_ML2.7,4.216846288746102,0.434981212709468,4.367398619682313,9,3,30.122480392456055,216.50645446777344,2.700000047683716
20221229075129_ML3.7,4.417534598735672,0.6217889593116422,4.527660585141944,54,18,78.12699127197266,289.6473693847656,3.700000047683716
