event,net,sta,ML_station_mean,ML_station_median,ML_station_std,n_horizontal_component,distance_km,distance_min_km,distance_max_km,header_ML,amplitude_h_nm_max,amplitude_h_nm_mean,amp_window_start,amp_window_end,s_pick,s_source,ML_formula,ML_HHE,ML_HHN,ML_HHZ,amp_nm_HHE,amp_nm_HHN,amp_nm_HHZ,ML_H_mean,ML_H_std,ML_Z,ML_Z_minus_H_mean,ML_station_minus_header,abs_ML_station_minus_header,reject_reason,pass_filter
20060106182759_ML3.6,TW,DHVB,4.368391094735699,4.368391094735699,0.3259009460540941,2,289.0690612792969,289.0690612792969,289.0690612792969,3.5999999046325684,2575.049301553548,1733.0393266137771,2006-01-06T18:29:21.760001,2006-01-06T18:31:19.612708,2006-01-06T18:29:21.760001,header,SEISAN_HUTTON_NM,4.137944325785738,4.59883786368566,4.274275330109581,891.0293516740065,2575.049301553548,1219.6157237677444,4.368391094735699,0.3259009460540941,4.274275330109581,-0.0941157646261183,0.7683911901031308,0.7683911901031308,H_component_std_too_large;,False
20060106182808,TW,DHVB,4.368391094735699,4.368391094735699,0.3259009460540941,2,289.0690612792969,289.0690612792969,289.0690612792969,3.5999999046325684,2575.049301553548,1733.0393266137771,2006-01-06T18:29:21.760001,2006-01-06T18:31:19.612708,2006-01-06T18:29:21.760001,header,SEISAN_HUTTON_NM,4.137944325785738,4.59883786368566,4.274275330109581,891.0293516740065,2575.049301553548,1219.6157237677444,4.368391094735699,0.3259009460540941,4.274275330109581,-0.0941157646261183,0.7683911901031308,0.7683911901031308,H_component_std_too_large;,False
20060115142929_ML3.0,TW,TGVB,3.2075766556819136,3.2075766556819136,0.3113439669876881,2,21.472368240356445,21.472368240356445,21.472368240356445,3.0,9971.50174170497,6794.689000435353,2006-01-15T14:29:54.109002,2006-01-15T14:29:59.913912,2006-01-15T14:29:54.109002,header,SEISAN_HUTTON_NM,3.4277300860204285,2.9874232253433988,2.790469458328996,9971.50174170497,3617.876259165736,2298.7934009676537,3.2075766556819136,0.3113439669876881,2.790469458328996,-0.4171071973529177,0.2075766556819136,0.2075766556819136,H_component_std_too_large;,False
20061123174859_ML3.0,TW,VTVB,-1.3073511884065334,-1.3073511884065334,0.5427608979095978,2,264.6025085449219,264.6025085449219,264.6025085449219,3.0,0.0094898793154991,0.0055552490463221,2006-11-23T17:52:12.199994,2006-11-23T17:53:50.201672,2006-11-23T17:52:12.199994,header,SEISAN_HUTTON_NM,-1.6911410998813097,-0.9235612769317574,-2.038763496966972,0.001620618777145,0.0094898793154991,0.0007278777927313,-1.3073511884065334,0.5427608979095978,-2.038763496966972,-0.7314123085604385,-4.307351188406534,4.307351188406534,residual_outside_bias_centered_2std;H_component_std_too_large;Z_minus_H_too_large;,False
20061123175055,TW,VTVB,-1.3073511884065334,-1.3073511884065334,0.5427608979095978,2,264.6025085449219,264.6025085449219,264.6025085449219,3.0,0.0094898793154991,0.0055552490463221,2006-11-23T17:52:12.199994,2006-11-23T17:53:50.201672,2006-11-23T17:52:12.199994,header,SEISAN_HUTTON_NM,-1.6911410998813097,-0.9235612769317574,-2.038763496966972,0.001620618777145,0.0094898793154991,0.0007278777927313,-1.3073511884065334,0.5427608979095978,-2.038763496966972,-0.7314123085604385,-4.307351188406534,4.307351188406534,residual_outside_bias_centered_2std;H_component_std_too_large;Z_minus_H_too_large;,False
20061124120359_ML3.5,TW,VTVB,0.6361070408222036,0.6361070408222036,0.0736635109836043,2,112.39444732666016,112.39444732666016,112.39444732666016,3.5,1.9473441633680828,1.7396862125950636,2006-11-24T12:05:55.379005,2006-11-24T12:06:33.928632,2006-11-24T12:05:55.379005,header,SEISAN_HUTTON_NM,0.68819500896472,0.5840190726796872,0.0777378169574518,1.9473441633680828,1.5320282618220442,0.4775133537539365,0.6361070408222036,0.0736635109836043,0.0777378169574518,-0.5583692238647517,-2.8638929591777966,2.8638929591777966,residual_outside_bias_centered_2std;,False
20070502033029_ML-nan,TW,VTVB,1.103364380464824,1.103364380464824,0.2182426872312594,2,250.63772583007812,250.63772583007812,250.63772583007812,4.400000095367432,1.6256925401569935,1.21220818771654,2007-05-02T02:03:22.449006,2007-05-02T02:04:56.190817,2007-05-02T02:03:22.449006,header,SEISAN_HUTTON_NM,0.9490434963792258,1.2576852645504224,0.7353495581251721,0.7987238352760866,1.6256925401569935,0.4883179699233826,1.103364380464824,0.2182426872312594,0.7353495581251721,-0.368014822339652,-3.2966357149026075,3.2966357149026075,residual_outside_bias_centered_2std;,False
20070502035959_ML3.5,TW,VTVB,-0.7184811981581447,-0.7184811981581447,0.0350616223800894,2,246.6997985839844,246.6997985839844,246.6997985839844,3.5,0.0188252664176197,0.0178096788462267,2007-05-02T04:03:02.470000,2007-05-02T04:04:33.866532,2007-05-02T04:03:02.470000,header,SEISAN_HUTTON_NM,-0.6936888872137814,-0.743273509102508,0.1440405837080733,0.0188252664176197,0.0167940912748337,0.1295598993733177,-0.7184811981581447,0.0350616223800894,0.1440405837080733,0.8625217818662181,-4.218481198158145,4.218481198158145,residual_outside_bias_centered_2std;Z_minus_H_too_large;,False
20070502182759_ML3.1,TW,VTVB,-1.657984528212462,-1.657984528212462,0.0508380894003685,2,248.05503845214844,248.05503845214844,248.05503845214844,3.0999999046325684,0.0021937698742976,0.0020264186745662,2007-05-02T18:31:03.788995,2007-05-02T18:32:42.469026,2007-05-02T18:31:03.788995,header,SEISAN_HUTTON_NM,-1.6939324859700309,-1.6220365704548936,-1.873635340113628,0.0018590674748347,0.0021937698742976,0.0012291143769027,-1.657984528212462,0.0508380894003685,-1.873635340113628,-0.2156508119011659,-4.7579844328450305,4.7579844328450305,residual_outside_bias_centered_2std;,False
20070531154359_ML3.3,TW,VTVB,-1.5820367395991424,-1.5820367395991424,0.0684184737334157,2,235.38673400878903,235.38673400878903,235.38673400878903,3.299999952316284,0.0030115043762237,0.0027107747253126,2007-05-31T15:45:35.770003,2007-05-31T15:47:01.824489,2007-05-31T15:45:35.770003,header,SEISAN_HUTTON_NM,-1.5336575728638104,-1.6304159063344743,-0.8422953627877385,0.0030115043762237,0.0024100450744015,0.014796047221239,-1.5820367395991424,0.0684184737334157,-0.8422953627877385,0.7397413768114038,-4.8820366919154266,4.8820366919154266,residual_outside_bias_centered_2std;Z_minus_H_too_large;,False
20070607052959_ML3.3,TW,VTVB,-1.7748519587150142,-1.7748519587150142,0.1220104900768382,2,190.79144287109375,190.79144287109375,190.79144287109375,3.299999952316284,0.003231515836676,0.0027017518615681,2007-06-07T05:32:11.838996,2007-06-07T05:33:21.193295,2007-06-07T05:32:11.838996,header,SEISAN_HUTTON_NM,-1.8611264036242403,-1.688577513805788,-0.1548155425016804,0.0021719878864602,0.003231515836676,0.110450645901172,-1.7748519587150142,0.1220104900768382,-0.1548155425016804,1.6200364162133338,-5.074851911031298,5.074851911031298,residual_outside_bias_centered_2std;Z_minus_H_too_large;,False
20070609121639_ML4.1,IC,KMI,5.402106501664166,5.402106501664166,0.3554469029662367,2,148.80126953125,148.80126953125,148.80126953125,4.099999904632568,112361.5317888174,73837.47754328637,2007-06-09T12:17:20.809001,2007-06-09T12:18:15.899846,2007-06-09T12:17:20.809001,header,SEISAN_HUTTON_NM,5.653445417103349,5.150767586224983,5.290945456844449,112361.5317888174,35313.42329775533,48766.06249764065,5.402106501664166,0.3554469029662367,5.290945456844449,-0.1111610448197168,1.3021065970315977,1.3021065970315977,H_component_std_too_large;,False
20070609121639_ML4.1,TW,VTVB,0.91286247072872,0.91286247072872,0.2298406249537653,2,248.09255981445312,248.09255981445312,248.09255981445312,4.099999904632568,1.09261748349686,0.8047693850458564,2007-06-09T12:17:51.049006,2007-06-09T12:19:22.094040,2007-06-09T12:17:51.049006,header,SEISAN_HUTTON_NM,0.7503406062317586,1.0753843352256816,1.151057354422223,0.5169212865948528,1.09261748349686,1.3005922589538623,0.91286247072872,0.2298406249537653,1.151057354422223,0.2381948836935028,-3.1871374339038483,3.1871374339038483,residual_outside_bias_centered_2std;,False
20070721084559_ML3.0,TW,VTVB,-0.6890728432521361,-0.6890728432521361,0.6251973957327412,2,134.61538696289062,134.61538696289062,134.61538696289062,3.0,0.1679926465868705,0.0949635706885148,2007-07-21T08:47:52.359004,2007-07-21T08:48:40.442591,2007-07-21T08:47:52.359004,header,SEISAN_HUTTON_NM,-1.131154161354927,-0.2469915251493453,-0.5931270080429805,0.0219344947901591,0.1679926465868705,0.0757102689940701,-0.6890728432521361,0.6251973957327412,-0.5931270080429805,0.0959458352091556,-3.689072843252136,3.689072843252136,residual_outside_bias_centered_2std;H_component_std_too_large;,False
20070906185059_ML4.2,TW,VTVB,1.3409319466218133,1.3409319466218133,0.2265866477692955,2,134.83502197265625,134.83502197265625,134.83502197265625,4.199999809265137,9.380666621102948,6.932984835650727,2007-09-06T18:52:27.330000,2007-09-06T18:53:14.290015,2007-09-06T18:52:27.330000,header,SEISAN_HUTTON_NM,1.5011529017858098,1.1807109914578169,1.0037717063809826,9.380666621102948,4.485303050198506,2.9843689061485006,1.3409319466218133,0.2265866477692955,1.0037717063809826,-0.3371602402408307,-2.8590678626433235,2.8590678626433235,residual_outside_bias_centered_2std;,False
20070906185146,TW,VTVB,1.3409319466218133,1.3409319466218133,0.2265866477692955,2,134.83502197265625,134.83502197265625,134.83502197265625,4.199999809265137,9.380666621102948,6.932984835650727,2007-09-06T18:52:27.330000,2007-09-06T18:53:14.290015,2007-09-06T18:52:27.330000,header,SEISAN_HUTTON_NM,1.5011529017858098,1.1807109914578169,1.0037717063809826,9.380666621102948,4.485303050198506,2.9843689061485006,1.3409319466218133,0.2265866477692955,1.0037717063809826,-0.3371602402408307,-2.8590678626433235,2.8590678626433235,residual_outside_bias_centered_2std;,False
20080514114959_ML3.5,IC,KMI,5.22246750877736,5.22246750877736,0.0722320683229882,2,164.9890594482422,164.9890594482422,164.9890594482422,3.5,38934.87267829793,34854.551087361695,2008-05-14T11:50:21.609001,2008-05-14T11:51:22.991706,2008-05-14T11:50:21.609001,header,SEISAN_HUTTON_NM,5.171391723447044,5.273543294107674,5.058692552775537,30774.22949642546,38934.87267829793,23740.399203867004,5.22246750877736,0.0722320683229882,5.058692552775537,-0.1637749560018226,1.7224675087773598,1.7224675087773598,residual_outside_bias_centered_2std;,False
20080807190958_ML3.0,TW,DHVB,3.806693425976664,3.806693425976664,0.4977717842163371,2,92.0758285522461,92.0758285522461,92.0758285522461,3.0,7842.350684161476,4696.459044825064,2008-08-07T19:10:24.679003,2008-08-07T19:10:56.082886,2008-08-07T19:10:24.679003,header,SEISAN_HUTTON_NM,4.158671230079363,3.454715621873965,3.3432365107354114,7842.350684161476,1550.5674054886515,1199.5311744700653,3.806693425976664,0.4977717842163371,3.3432365107354114,-0.4634569152412524,0.8066934259766638,0.8066934259766638,H_component_std_too_large;,False
20080807190958_ML3.0,TW,SPVB,3.6479134666361808,3.6479134666361808,0.4558545455985065,2,169.0318603515625,169.0318603515625,169.0318603515625,3.0,1852.4051376958705,1136.111201834412,2008-08-07T19:10:44.993817,2008-08-07T19:11:47.386907,2008-08-07T19:10:44.993817,theory,SEISAN_HUTTON_NM,3.970251307063597,3.325575626208765,3.824746610239605,1852.4051376958705,419.8172659729536,1325.046990434066,3.6479134666361808,0.4558545455985065,3.824746610239605,0.176833143603424,0.6479134666361808,0.6479134666361808,H_component_std_too_large;,False
20080807190958_ML3.0,TW,TTVB,2.426659985220233,2.426659985220233,0.3485821046485454,2,57.470314025878906,57.470314025878906,57.470314025878906,3.0,502.9716408125339,332.3104946945375,2008-08-07T19:10:13.389002,2008-08-07T19:10:33.012543,2008-08-07T19:10:13.389002,header,SEISAN_HUTTON_NM,2.1801752152229676,2.673144755217498,2.865434776801112,161.64934857654106,502.9716408125339,783.1293855087981,2.426659985220233,0.3485821046485454,2.865434776801112,0.438774791580879,-0.5733400147797671,0.5733400147797671,H_component_std_too_large;,False
20080914233801_ML3.8,TW,TGVB,3.919431940886919,3.919431940886919,0.3299381826838963,2,227.5344085693359,227.5344085693359,227.5344085693359,3.799999952316284,1571.7055058232029,1054.225323574341,2008-09-14T23:38:50.838996,2008-09-14T23:40:14.688606,2008-09-14T23:38:50.838996,header,SEISAN_HUTTON_NM,4.152733467235068,3.68613041453877,3.818148170844117,1571.7055058232029,536.7451413254789,727.4210729516177,3.919431940886919,0.3299381826838963,3.818148170844117,-0.1012837700428024,0.1194319885706347,0.1194319885706347,H_component_std_too_large;,False
20081017213707_ML4.1,TW,DBVB,4.749282651073431,4.749282651073431,0.3770990096870446,2,232.25961303710935,232.25961303710935,232.25961303710935,4.099999904632568,10983.239260338163,7100.048704514454,2008-10-17T21:38:52.469001,2008-10-17T21:40:17.338742,2008-10-17T21:38:52.469001,header,SEISAN_HUTTON_NM,5.015931918001872,4.48263338414499,4.749863478987083,10983.239260338163,3216.8581486907447,5951.987430897761,4.749282651073431,0.3770990096870446,4.749863478987083,0.0005808279136525,0.6492827464408624,0.6492827464408624,H_component_std_too_large;,False
20081117110359_ML3.2,TW,BCVB,3.816445429941507,3.816445429941507,0.3165423356881722,2,275.8617858886719,275.8617858886719,275.8617858886719,3.200000047683716,793.831400114716,538.5080578348833,2008-11-17T11:05:57.959998,2008-11-17T11:07:48.807857,2008-11-17T11:05:57.959998,header,SEISAN_HUTTON_NM,3.592616197843772,4.040274662039242,3.731449089744421,283.1847155550507,793.831400114716,389.8546343372501,3.816445429941507,0.3165423356881722,3.731449089744421,-0.0849963401970859,0.6164453822577913,0.6164453822577913,H_component_std_too_large;,False
20081117110359_ML3.2,TW,VTVB,3.557290907735481,3.557290907735481,0.3024600736308403,2,177.92990112304688,177.92990112304688,177.92990112304688,3.200000047683716,1064.3847490911207,730.9507824586613,2008-11-17T11:05:38.009993,2008-11-17T11:06:43.519934,2008-11-17T11:05:38.009993,header,SEISAN_HUTTON_NM,3.3434193386329314,3.7711624768380303,3.5769586473285013,397.5168158262019,1064.3847490911207,680.6044960098793,3.557290907735481,0.3024600736308403,3.5769586473285013,0.0196677395930202,0.3572908600517652,0.3572908600517652,H_component_std_too_large;,False
20081229194834_ML3.4,TW,SPVB,3.981963110701704,3.981963110701704,0.3007044821614538,2,154.89390563964844,154.89390563964844,154.89390563964844,3.4000000953674316,3638.3602690679513,2502.4863134589314,2008-12-29T19:50:35.520003,2008-12-29T19:51:31.162604,2008-12-29T19:50:35.520003,header,SEISAN_HUTTON_NM,4.194593289171257,3.7693329322321505,4.024184345126093,3638.3602690679513,1366.612357849912,2457.5182772642893,3.981963110701704,0.3007044821614538,4.024184345126093,0.0422212344243893,0.5819630153342721,0.5819630153342721,H_component_std_too_large;,False
20090308202736_ML2.8,TW,DHVB,3.934082136712278,3.934082136712278,0.0574566019603338,2,211.2374725341797,211.2374725341797,211.2374725341797,2.799999952316284,1216.1173882196374,1112.3594239907593,2009-03-08T20:29:10.359999,2009-03-08T20:30:26.724982,2009-03-08T20:29:10.359999,header,SEISAN_HUTTON_NM,3.9747100895823664,3.8934541838421897,3.1588113366401815,1216.1173882196374,1008.6014597618812,185.8132781019135,3.934082136712278,0.0574566019603338,3.1588113366401815,-0.7752708000720965,1.1340821843959938,1.1340821843959938,Z_minus_H_too_large;,False
20090308202736_ML2.8,TW,TGVB,2.841235375274251,2.841235375274251,0.3176432053504407,2,189.9091796875,189.9091796875,189.9091796875,2.799999952316284,185.237400157298,125.5404834047986,2009-03-08T20:29:02.480002,2009-03-08T20:30:12.506120,2009-03-08T20:29:02.480002,header,SEISAN_HUTTON_NM,3.065843039775378,2.6166277107731233,2.970352963438023,185.237400157298,65.84356665229922,148.6752236998307,2.841235375274251,0.3176432053504407,2.970352963438023,0.1291175881637718,0.0412354229579667,0.0412354229579667,H_component_std_too_large;,False
20090327144250_ML3.6,TW,VTVB,4.222148364923006,4.222148364923006,0.3452444493872531,2,224.8750457763672,224.8750457763672,224.8750457763672,3.5999999046325684,3315.9228376159913,2196.63420752246,2009-03-27T14:44:39.569998,2009-03-27T14:46:02.316697,2009-03-27T14:44:39.569998,header,SEISAN_HUTTON_NM,3.978023673594264,4.466273056251749,4.1697341580540295,1077.3455774289296,3315.9228376159913,1675.1955769208123,4.222148364923006,0.3452444493872531,4.1697341580540295,-0.0524142068689768,0.6221484602904379,0.6221484602904379,H_component_std_too_large;,False
20090505171825_ML3.1,TW,DHVB,4.042451664018181,4.042451664018181,0.4764022704973734,2,291.0026550292969,291.0026550292969,291.0026550292969,3.0999999046325684,1528.967682863029,926.5281411266816,2009-05-05T17:20:15.020001,2009-05-05T17:22:02.801770,2009-05-05T17:20:15.020001,header,SEISAN_HUTTON_NM,4.379318940059542,3.705584387976821,3.4464813799697795,1528.967682863029,324.0885993903343,178.4681599238089,4.042451664018181,0.4764022704973734,3.4464813799697795,-0.5959702840484011,0.9424517593856124,0.9424517593856124,H_component_std_too_large;,False
20090505171825_ML3.1,TW,TGVB,3.0969310385965048,3.0969310385965048,0.3516358001686382,2,232.87489318847656,232.87489318847656,232.87489318847656,3.0999999046325684,233.31109234344888,153.77634159815543,2009-05-05T17:19:57.990002,2009-05-05T17:21:24.049929,2009-05-05T17:19:57.990002,header,SEISAN_HUTTON_NM,3.3455750974037066,2.848286979789303,3.370006738357671,233.31109234344888,74.24159085286206,246.81243003242585,3.0969310385965048,0.3516358001686382,3.370006738357671,0.2730756997611663,-0.0030688660360636,0.0030688660360636,H_component_std_too_large;,False
20090519000206_ML3.2,TW,TGVB,3.3034401107397655,3.3034401107397655,0.3179471301063202,2,113.05139923095705,113.05139923095705,113.05139923095705,3.200000047683716,1334.932303111342,904.485665512537,2009-05-19T00:03:22.448997,2009-05-19T00:04:03.366599,2009-05-19T00:03:22.448997,header,SEISAN_HUTTON_NM,3.528262682496746,3.078617538982785,3.3139602680508142,1334.932303111342,474.039027913732,814.9985347388973,3.3034401107397655,0.3179471301063202,3.3139602680508142,0.0105201573110487,0.1034400630560496,0.1034400630560496,H_component_std_too_large;,False
20110205153128_M3.0,VN,HGVB,2.6677249481222294,2.6677249481222294,0.3238883963883049,2,203.46197509765625,203.46197509765625,203.46197509765625,3.0,109.59458144643143,73.88315028427152,2011-02-05T15:32:27.480000,2011-02-05T15:33:42.141317,2011-02-05T15:32:27.480000,header,SEISAN_HUTTON_NM,2.4387012666884225,2.8967486295560363,2.599121904803388,38.17171912211159,109.59458144643143,55.22838677344215,2.6677249481222294,0.3238883963883049,2.599121904803388,-0.0686030433188413,-0.3322750518777706,0.3322750518777706,H_component_std_too_large;,False
20110224200421_M3.3,VN,SPVB,2.986962246467363,2.986962246467363,0.3196075826593267,2,184.6375732421875,184.6375732421875,184.6375732421875,3.299999952316284,274.39653912608895,185.65512814439256,2011-02-24T20:05:16.150000,2011-02-24T20:06:22.491715,2011-02-24T20:05:16.150000,header,SEISAN_HUTTON_NM,3.212958935484413,2.760965557450313,2.8626549462522553,274.39653912608895,96.9137171626962,122.48266865836592,2.986962246467363,0.3196075826593267,2.8626549462522553,-0.1243073002151078,-0.3130377058489211,0.3130377058489211,H_component_std_too_large;,False
20110317181056_M3.1,VN,DBVB,2.829609677643064,2.829609677643064,0.3035873339733831,2,196.02003479003903,196.02003479003903,196.02003479003903,3.0999999046325684,165.70933011672153,113.6850992433946,2011-03-17T18:11:53.139998,2011-03-17T18:13:05.080023,2011-03-17T18:11:53.139998,header,SEISAN_HUTTON_NM,2.6149410151081396,3.0442783401779883,2.9612720529210987,61.66086837006768,165.70933011672153,136.88021365389412,2.829609677643064,0.3035873339733831,2.9612720529210987,0.1316623752780348,-0.2703902269895044,0.2703902269895044,H_component_std_too_large;,False
20111012043216_M3.3,VN,HGVB,2.5371705450427187,2.5371705450427187,0.2133258771475734,2,79.05088806152344,79.05088806152344,79.05088806152344,3.299999952316284,332.6075053343988,249.32967341606195,2011-10-12T04:32:40.789001,2011-10-12T04:33:07.199592,2011-10-12T04:32:40.789001,header,SEISAN_HUTTON_NM,2.386326370709101,2.688014719376336,2.399247710673156,166.05184149772512,332.6075053343988,171.0665261337563,2.5371705450427187,0.2133258771475734,2.399247710673156,-0.1379228343695628,-0.7628294072735655,0.7628294072735655,residual_outside_bias_centered_2std;,False
20111102113319_M3.2,VN,SLVB,4.620900644775888,4.620900644775888,0.3524492834244168,2,279.9988098144531,279.9988098144531,279.9988098144531,3.200000047683716,5182.971334358956,3413.937086758883,2011-11-02T11:34:42.469998,2011-11-02T11:36:24.465873,2011-11-02T11:34:42.469998,header,SEISAN_HUTTON_NM,4.371681366442143,4.870119923109632,4.539199382768231,1644.9028391588104,5182.971334358956,2419.124760007871,4.620900644775888,0.3524492834244168,4.539199382768231,-0.0817012620076562,1.4209005970921718,1.4209005970921718,H_component_std_too_large;,False
20140209113658_M3.1,VN,TGVB,3.0572294536812548,3.0572294536812548,0.2256482091943072,2,23.49264335632324,23.49264335632324,23.49264335632324,3.0999999046325684,5503.656792606601,4071.623734744587,2014-02-09T11:37:04.949002,2014-02-09T11:37:11.761762,2014-02-09T11:37:04.949002,header,SEISAN_HUTTON_NM,3.21678683256515,2.897672074797359,4.480156875785999,5503.656792606601,2639.590676882575,100930.25877447492,3.0572294536812548,0.2256482091943072,4.480156875785999,1.4229274221047443,-0.0427704509513136,0.0427704509513136,Z_minus_H_too_large;,False
20140307080021_M3.1,VN,TGVB,2.635072726875727,2.635072726875727,0.047855805684773,2,56.04475402832031,56.04475402832031,56.04475402832031,3.0999999046325684,515.3633050152529,478.1799129141264,2014-03-07T08:00:37.249998,2014-03-07T08:00:56.363169,2014-03-07T08:00:37.249998,header,SEISAN_HUTTON_NM,2.6689118915945755,2.601233562156878,4.103481596374759,515.3633050152529,440.9965208129998,14017.907742409823,2.635072726875727,0.047855805684773,4.103481596374759,1.468408869499032,-0.4649271777568415,0.4649271777568415,Z_minus_H_too_large;,False
20140307080021_M3.1,VN,TTVB,2.31814863807149,2.31814863807149,0.0167895060917936,2,44.456207275390625,44.456207275390625,44.456207275390625,3.0999999046325684,321.21321653512996,312.6681759103255,2014-03-07T08:00:33.799001,2014-03-07T08:00:48.637472,2014-03-07T08:00:33.799001,header,SEISAN_HUTTON_NM,2.3300206116817703,2.30627666446121,2.1702864973372185,321.21321653512996,304.123135285521,222.36134483247292,2.31814863807149,0.0167895060917936,2.1702864973372185,-0.1478621407342717,-0.7818512665610782,0.7818512665610782,residual_outside_bias_centered_2std;,False
20140520060702_M3.1,VN,TGVB,3.170729308463915,3.170729308463915,0.1188318147485309,2,62.98465347290039,62.98465347290039,62.98465347290039,3.0999999046325684,1692.6397250595603,1421.0724955667392,2014-05-20T06:07:20.195615,2014-05-20T06:07:42.189769,2014-05-20T06:07:20.195615,theory,SEISAN_HUTTON_NM,3.254756090493305,3.086702526434525,4.035859550909929,1692.6397250595603,1149.5052660739182,10225.1100209367,3.170729308463915,0.1188318147485309,4.035859550909929,0.8651302424460137,0.0707294038313466,0.0707294038313466,Z_minus_H_too_large;,False
20161028232611_M3.1,VN,NNU,3.930112870845466,3.930112870845466,0.3124946444070468,2,121.37066650390624,121.37066650390624,121.37066650390624,3.0999999046325684,4992.5583044196555,3398.5958316369606,2016-10-28T23:26:45.979999,2016-10-28T23:27:30.113778,2016-10-28T23:26:45.979999,header,SEISAN_HUTTON_NM,4.151079952990167,3.709145788700764,3.637177903805479,4992.5583044196555,1804.6333588542657,1529.047919584126,3.930112870845466,0.3124946444070468,3.637177903805479,-0.2929349670399865,0.830112966212897,0.830112966212897,H_component_std_too_large;,False
20170516080549_M3.0,VN,NNU2,2.201720157913855,2.201720157913855,0.0559772805303233,2,44.129356384277344,44.129356384277344,44.129356384277344,3.0,264.39300463444715,242.36467229091824,2017-05-16T08:06:02.349997,2017-05-16T08:06:16.819571,2017-05-16T08:06:02.349997,header,SEISAN_HUTTON_NM,2.241302072569228,2.1621382432584815,2.258410274165649,264.39300463444715,220.33633994738935,275.0161271370299,2.201720157913855,0.0559772805303233,2.258410274165649,0.0566901162517941,-0.7982798420861452,0.7982798420861452,residual_outside_bias_centered_2std;,False
20180108232005_ML4.3,VN,MCVB,2.2190891630299556,2.2190891630299556,2.188825263761522,2,154.1712646484375,154.1712646484375,154.1712646484375,4.300000190734863,1370.1081413339784,685.6039387066324,2018-01-08T23:22:10.609999,2018-01-08T23:23:02.680843,2018-01-08T23:22:10.609999,header,SEISAN_HUTTON_NM,3.7668223498681614,0.6713559761917498,4.992996159893692,1370.1081413339784,1.099736079286418,23063.682827286375,2.2190891630299556,2.188825263761522,4.992996159893692,2.773906996863736,-2.0809110277049077,2.0809110277049077,residual_outside_bias_centered_2std;H_component_std_too_large;Z_minus_H_too_large;,False
20180109133100_ML3.5,VN,SPVB,4.291136701078645,4.291136701078645,0.4066593612646975,2,170.18650817871094,170.18650817871094,170.18650817871094,3.5,7425.212735170491,4700.194178796265,2018-01-09T13:31:50.728994,2018-01-09T13:32:53.356672,2018-01-09T13:31:50.728994,header,SEISAN_HUTTON_NM,4.578688293061902,4.003585109095387,4.27017986381276,7425.212735170491,1975.175622422039,3649.2235729537742,4.291136701078645,0.4066593612646975,4.27017986381276,-0.020956837265885,0.7911367010786448,0.7911367010786448,H_component_std_too_large;,False
20180209124828_ML3.9,VN,PHOD,5.590406334644465,5.590406334644465,0.4710490298730971,2,112.0532455444336,112.0532455444336,112.0532455444336,3.900000095367432,336392.67883891973,204475.11433489577,2018-02-09T12:50:12.529000,2018-02-09T12:50:51.801164,2018-02-09T12:50:12.529000,header,SEISAN_HUTTON_NM,5.923488297939077,5.257324371349854,5.09988260229763,336392.67883891973,72557.54983087178,50494.123708952226,5.590406334644465,0.4710490298730971,5.09988260229763,-0.4905237323468352,1.6904062392770332,1.6904062392770332,residual_outside_bias_centered_2std;H_component_std_too_large;,False
20180312200656_ML2.9,VN,THVB,1.3236160724418804,1.3236160724418804,2.443285492484504,2,53.965606689453125,53.965606689453125,53.965606689453125,2.9000000953674316,1308.0817154082008,654.270090841901,2018-03-12T20:08:48.528996,2018-03-12T20:09:06.276071,2018-03-12T20:08:48.528996,header,SEISAN_HUTTON_NM,-0.4040476676686255,3.0512798125523863,2.7906557648912695,0.4584662756013475,1308.0817154082008,717.8121868297793,1.3236160724418804,2.443285492484504,2.7906557648912695,1.4670396924493891,-1.5763840229255512,1.5763840229255512,residual_outside_bias_centered_2std;H_component_std_too_large;Z_minus_H_too_large;,False
20180619012405_ML3.2,RM,SLV,3.1958884954172753,3.1958884954172753,0.3572785279730456,2,185.322998046875,185.322998046875,185.322998046875,3.200000047683716,468.6628797344103,307.54009373423,2018-06-19T01:24:58.379000,2018-06-19T01:26:04.247665,2018-06-19T01:24:58.379000,header,SEISAN_HUTTON_NM,3.4485225653193634,2.943254425515187,3.3630561705663258,468.6628797344103,146.41730773404964,384.9409927412497,3.1958884954172753,0.3572785279730456,3.3630561705663258,0.1671676751490505,-0.0041115522664405,0.0041115522664405,H_component_std_too_large;,False
20180619012405_ML3.3,RM,SLV,3.215810603240076,3.215810603240076,0.3541861073413785,2,189.49215698242188,189.49215698242188,189.49215698242188,3.299999952316284,467.7260398043595,307.6647863624207,2018-06-19T01:24:58.379000,2018-06-19T01:26:08.027105,2018-06-19T01:24:58.379000,header,SEISAN_HUTTON_NM,3.466258001543231,2.9653632049369207,3.381267110638971,467.7260398043595,147.60353292048197,384.59236495366554,3.215810603240076,0.3541861073413785,3.381267110638971,0.1654565073988951,-0.0841893490762082,0.0841893490762082,H_component_std_too_large;,False
20180703142033_ML3.2,RM,SLV,3.4867885462389143,3.4867885462389143,0.3259646499227411,2,223.7196502685547,223.7196502685547,223.7196502685547,3.200000047683716,597.4184563919313,402.0484081636473,2018-07-03T14:21:31.378997,2018-07-03T14:22:51.146434,2018-07-03T14:21:31.378997,header,SEISAN_HUTTON_NM,3.717280360626384,3.256296731851445,3.664462338881996,597.4184563919313,206.67835993536335,529.0060192427245,3.4867885462389143,0.3259646499227411,3.664462338881996,0.1776737926430813,0.2867884985551985,0.2867884985551985,H_component_std_too_large;,False
20180729074308_ML3.5,RM,SLV,4.253230320579132,4.253230320579132,0.3397870530368612,2,276.6466064453125,276.6466064453125,276.6466064453125,3.5,2239.2203295224963,1489.8945291854195,2018-07-29T07:44:19.041888,2018-07-29T07:46:02.431071,2018-07-29T07:44:19.041888,theory,SEISAN_HUTTON_NM,4.49349604994089,4.012964591217375,4.086435462644041,2239.2203295224963,740.568728848343,877.0740082894616,4.253230320579132,0.3397870530368612,4.086435462644041,-0.1667948579350913,0.7532303205791324,0.7532303205791324,H_component_std_too_large;,False
20180729074308_ML3.5,VN,VTVB,4.089845191326405,4.089845191326405,0.304227036728503,2,201.77447509765625,201.77447509765625,201.77447509765625,3.5,2852.403252620834,1955.7905898361623,2018-07-29T07:43:59.570000,2018-07-29T07:45:12.516317,2018-07-29T07:43:59.570000,header,SEISAN_HUTTON_NM,4.304966192017418,3.874724190635391,4.2398100870508,2852.403252620834,1059.1779270514912,2455.0187764553234,4.089845191326405,0.304227036728503,4.2398100870508,0.1499648957243948,0.5898451913264049,0.5898451913264049,H_component_std_too_large;,False
20180730060025_ML3.5,RM,SLV,4.179274410843874,4.179274410843874,0.3269035592910848,2,317.1031799316406,317.1031799316406,317.1031799316406,3.5,1332.822947500736,896.2543345973737,2018-07-30T06:01:40.100909,2018-07-30T06:03:38.902120,2018-07-30T06:01:40.100909,theory,SEISAN_HUTTON_NM,4.410430134412619,3.9481186872751297,4.0260650558641835,1332.822947500736,459.6857216940113,550.0566036420092,4.179274410843874,0.3269035592910848,4.0260650558641835,-0.1532093549796904,0.679274410843874,0.679274410843874,H_component_std_too_large;,False
20180812174454_ML5.1,VN,DBVB,5.960675978881608,5.960675978881608,0.3183586366530881,2,325.6237487792969,325.6237487792969,325.6237487792969,5.099999904632568,74343.97956318628,50354.21439740769,2018-08-12T17:45:56.234357,2018-08-12T17:47:58.281499,2018-08-12T17:45:56.234357,theory,SEISAN_HUTTON_NM,6.185789529708311,5.735562428054905,5.623783854933032,74343.97956318628,26364.4492316291,20381.687098704475,5.960675978881608,0.3183586366530881,5.623783854933032,-0.3368921239485756,0.8606760742490396,0.8606760742490396,H_component_std_too_large;,False
20180813195102_ML5.0,VN,VCVB,4.7307476664005765,4.7307476664005765,1.5174881737515102,2,350.2637939453125,350.2637939453125,350.2637939453125,5.0,25556.215943125637,12869.396077725964,2018-08-13T19:52:15.175370,2018-08-13T19:54:26.609196,2018-08-13T19:52:15.175370,theory,SEISAN_HUTTON_NM,5.803773844430659,3.657721488370494,5.57192634934608,25556.215943125637,182.5762123262919,14984.734553677212,4.7307476664005765,1.5174881737515102,5.57192634934608,0.841178682945503,-0.2692523335994234,0.2692523335994234,H_component_std_too_large;Z_minus_H_too_large;,False
20180820205911_ML3.4,VN,VCVB,3.02159594450086,3.02159594450086,0.8588461787069901,2,98.1001968383789,98.1001968383789,98.1001968383789,3.4000000953674316,2102.4659159349276,1115.3697235085835,2018-08-20T20:59:40.728628,2018-08-20T21:00:16.100131,2018-08-20T20:59:40.728628,theory,SEISAN_HUTTON_NM,3.628891901460726,2.4142999875409936,3.1875545158580403,2102.4659159349276,128.27353108223954,761.0121285921276,3.02159594450086,0.8588461787069901,3.1875545158580403,0.1659585713571805,-0.3784041508665718,0.3784041508665718,H_component_std_too_large;,False
20180908023055_ML5.9,VN,LAVB,7.361538856047352,7.361538856047352,0.1084436158829253,2,520.3749389648438,520.3749389648438,520.3749389648438,5.900000095367432,338532.4182833907,288173.32235675387,2018-09-08T02:34:01.038996,2018-09-08T02:37:15.115626,2018-09-08T02:34:01.038996,header,SEISAN_HUTTON_NM,7.284857639880146,7.438220072214557,6.94376534239151,237814.22643011695,338532.4182833907,108429.02030038855,7.361538856047352,0.1084436158829253,6.94376534239151,-0.4177735136558418,1.46153876067992,1.46153876067992,residual_outside_bias_centered_2std;,False
20180908023055_ML5.9,VN,VCVB,5.627422820884194,5.627422820884194,2.356201886960331,2,368.41357421875,368.41357421875,368.41357421875,5.900000095367432,689564.5961878664,344942.7601289895,2018-09-08T02:33:15.461021,2018-09-08T02:35:33.809049,2018-09-08T02:33:15.461021,theory,SEISAN_HUTTON_NM,7.293509152998382,3.961336488770004,6.854846085477922,689564.5961878664,320.9240701126303,251137.6859354585,5.627422820884194,2.356201886960331,6.854846085477922,1.2274232645937282,-0.272577274483238,0.272577274483238,H_component_std_too_large;Z_minus_H_too_large;,False
20181008140206_ML3.9,VN,HGVB,4.232854413322935,4.232854413322935,0.3040973690146877,2,349.44720458984375,349.44720458984375,349.44720458984375,3.900000095367432,1133.1175471593394,777.026905213975,2018-10-08T14:03:05.241058,2018-10-08T14:05:16.363803,2018-10-08T14:03:05.241058,theory,SEISAN_HUTTON_NM,4.0178251015516615,4.447883725094209,4.210886863573638,420.93626326861073,1133.1175471593394,656.5655679790204,4.232854413322935,0.3040973690146877,4.210886863573638,-0.0219675497492968,0.332854317955503,0.332854317955503,H_component_std_too_large;,False
20190110120003_ML4.3,VN,CLAD,4.139196865251527,4.139196865251527,0.3518649402400325,2,243.1747131347656,243.1747131347656,243.1747131347656,4.300000190734863,2344.4085963653765,1544.9315428681257,2019-01-10T12:02:02.689001,2019-01-10T12:03:32.516475,2019-01-10T12:02:02.689001,header,SEISAN_HUTTON_NM,3.890390779946001,4.388002950557054,3.9824337632390225,745.4544893708744,2344.4085963653765,921.433755151954,4.139196865251527,0.3518649402400325,3.9824337632390225,-0.1567631020125048,-0.1608033254833358,0.1608033254833358,H_component_std_too_large;,False
20190112094645_ML3.0,RM,SLV,2.8045026705913405,2.8045026705913405,0.446230865019069,2,21.187610626220703,21.187610626220703,21.187610626220703,3.0,4989.303878406161,3078.022110240534,2019-01-12T09:48:11.153603,2019-01-12T09:48:17.225074,2019-01-12T09:48:11.153603,theory,SEISAN_HUTTON_NM,3.120035541221063,2.488969799961618,2.9084560652080675,4989.303878406161,1166.7403420749072,3065.2117371066524,2.8045026705913405,0.446230865019069,2.9084560652080675,0.103953394616727,-0.1954973294086595,0.1954973294086595,H_component_std_too_large;,False
20190115182600_ML3.7,RM,SLV,4.150529790067079,4.150529790067079,0.3913190368186423,2,226.7041473388672,226.7041473388672,226.7041473388672,3.700000047683716,2979.9109754031015,1906.5989821049695,2019-01-15T18:27:59.058999,2019-01-15T18:29:23.235098,2019-01-15T18:27:59.058999,header,SEISAN_HUTTON_NM,4.427234134608929,3.873825445525228,4.439650962296395,2979.9109754031015,833.2869888068375,3066.338652058068,4.150529790067079,0.3913190368186423,4.439650962296395,0.2891211722293159,0.4505297423833632,0.4505297423833632,H_component_std_too_large;,False
20190117053501_ML3.7,RM,SLV,3.730377282863232,3.730377282863232,0.4337998307448004,2,191.48776245117188,191.48776245117188,191.48776245117188,3.700000047683716,1706.2068323895537,1060.8414788270345,2019-01-17T05:37:28.588999,2019-01-17T05:38:37.557508,2019-01-17T05:37:28.588999,header,SEISAN_HUTTON_NM,4.037120084860457,3.4236344808660073,3.9658222544102335,1706.2068323895537,415.4761252645157,1447.884257894062,3.730377282863232,0.4337998307448004,3.9658222544102335,0.2354449715470012,0.0303772351795164,0.0303772351795164,H_component_std_too_large;,False
20190117053501_ML3.7,VN,BKVB,1.1404263480292525,1.1404263480292525,0.0111213155902728,2,199.4372406005859,199.4372406005859,199.4372406005859,3.700000047683716,2.0350213788904603,1.998831626923352,2019-01-17T05:37:29.400000,2019-01-17T05:38:42.858160,2019-01-17T05:37:29.400000,header,SEISAN_HUTTON_NM,1.132562390359655,1.14829030569885,0.5626852506431588,1.9626418749562435,2.0350213788904603,0.5284013530319809,1.1404263480292525,0.0111213155902728,0.5626852506431588,-0.5777410973860937,-2.5595736996544636,2.5595736996544636,residual_outside_bias_centered_2std;,False
20190217083632_ML3.5,RM,SLV,3.4093414037146417,3.4093414037146417,0.3587024597794225,2,234.0921936035156,234.0921936035156,234.0921936035156,3.5,479.2130163425683,314.1168793153794,2019-02-17T08:38:34.183484,2019-02-17T08:40:01.361462,2019-02-17T08:38:34.183484,theory,SEISAN_HUTTON_NM,3.662982345452966,3.155700461976317,3.703464410394697,479.2130163425683,149.0207422881905,526.0301909596416,3.4093414037146417,0.3587024597794225,3.703464410394697,0.2941230066800555,-0.0906585962853583,0.0906585962853583,H_component_std_too_large;,False
20190422182100_ML3.7,VN,NNA,4.274492520382947,4.274492520382947,0.3054405721200887,2,189.9635009765625,189.9635009765625,189.9635009765625,3.700000047683716,4921.717931970813,3371.0415580185568,2019-04-22T18:23:06.850000,2019-04-22T18:24:16.742334,2019-04-22T18:23:06.850000,header,SEISAN_HUTTON_NM,4.49047162017856,4.058513420587333,4.032105158308949,4921.717931970813,1820.3651840663008,1712.9719775206631,4.274492520382947,0.3054405721200887,4.032105158308949,-0.2423873620739982,0.5744924726992311,0.5744924726992311,H_component_std_too_large;,False
20190521104755_ML4.0,VN,TGVB,4.007052609947914,4.007052609947914,0.3106529384085335,2,26.71355438232422,26.71355438232422,26.71355438232422,4.0,48145.60294931626,32826.60985210295,2019-05-21T10:49:37.648998,2019-05-21T10:49:45.608036,2019-05-21T10:49:37.648998,header,SEISAN_HUTTON_NM,4.226717409292116,3.7873878106037138,3.70684515019686,48145.60294931626,17507.616754889637,14544.016910859304,4.007052609947914,0.3106529384085335,3.70684515019686,-0.3002074597510544,0.0070526099479142,0.0070526099479142,H_component_std_too_large;,False
20190522235118_ML3.6,VN,CLAD,2.840816401084542,2.840816401084542,0.0826498203955562,2,146.9275360107422,146.9275360107422,146.9275360107422,3.5999999046325684,202.33968031051236,178.46753931060135,2019-05-22T23:52:45.169998,2019-05-22T23:53:39.951691,2019-05-22T23:52:45.169998,header,SEISAN_HUTTON_NM,2.782374152618994,2.89925864955009,2.6240114388611984,154.59539831069037,202.33968031051236,107.35786069840458,2.840816401084542,0.0826498203955562,2.6240114388611984,-0.2168049622233434,-0.7591835035480266,0.7591835035480266,residual_outside_bias_centered_2std;,False
20190701111450_ML3.3,VN,CLAD,2.476509319932122,2.476509319932122,0.0142828019454263,2,61.81903839111328,61.81903839111328,61.81903839111328,3.299999952316284,296.22732122465004,289.4963320358667,2019-07-01T11:16:23.699002,2019-07-01T11:16:44.012692,2019-07-01T11:16:23.699002,header,SEISAN_HUTTON_NM,2.4664098538221673,2.486608786042078,2.1538997939981357,282.7653428470834,296.22732122465004,137.69434967502497,2.476509319932122,0.0142828019454263,2.1538997939981357,-0.3226095259339869,-0.8234906323841615,0.8234906323841615,residual_outside_bias_centered_2std;,False
20191103001530_ML3.3,RM,SLV,3.5408697312434794,3.5408697312434794,0.3009960301151126,2,203.12521362304688,203.12521362304688,203.12521362304688,3.299999952316284,791.0092362451182,543.9199921530235,2019-11-03T00:17:24.734775,2019-11-03T00:18:40.115809,2019-11-03T00:17:24.734775,theory,SEISAN_HUTTON_NM,3.753706065248106,3.328033397238853,3.629651254046101,791.0092362451182,296.83074806092867,594.4656206130137,3.5408697312434794,0.3009960301151126,3.629651254046101,0.0887815228026212,0.2408697789271952,0.2408697789271952,H_component_std_too_large;,False
20191103001530_ML3.3,VN,HGVB,3.692934864955159,3.692934864955159,0.3645324490220168,2,120.11654663085938,120.11654663085938,120.11654663085938,3.299999952316284,3201.2442298303895,2089.0068482735846,2019-11-03T00:17:02.039004,2019-11-03T00:17:44.777698,2019-11-03T00:17:02.039004,header,SEISAN_HUTTON_NM,3.4351714982891517,3.9506982316211663,3.571990853253742,976.7694667167796,3201.2442298303895,1338.4785949355085,3.692934864955159,0.3645324490220168,3.571990853253742,-0.1209440117014173,0.392934912638875,0.392934912638875,H_component_std_too_large;,False
20191115110831_ML3.5,RM,SLV,3.67987177286231,3.67987177286231,0.442489231083915,2,223.2196044921875,223.2196044921875,223.2196044921875,3.5,1131.829385335168,699.875173506702,2019-11-15T11:10:32.479003,2019-11-15T11:11:54.313070,2019-11-15T11:10:32.479003,header,SEISAN_HUTTON_NM,3.992758908763768,3.3669846369608525,3.747322115807448,1131.829385335168,267.92096167823587,643.1972401228093,3.67987177286231,0.442489231083915,3.747322115807448,0.0674503429451376,0.17987177286231,0.17987177286231,H_component_std_too_large;,False
20191115110831_ML3.5,VN,HGVB,3.8649224378825537,3.8649224378825537,0.3490238922108573,2,130.01126098632812,130.01126098632812,130.01126098632812,3.5,4068.9226899340506,2687.3740515522622,2019-11-15T11:10:05.369003,2019-11-15T11:10:52.173174,2019-11-15T11:10:05.369003,header,SEISAN_HUTTON_NM,3.6181252769041334,4.111719598860973,3.7303721355419257,1305.8254131704743,4068.9226899340506,1690.9547069393057,3.8649224378825537,0.3490238922108573,3.7303721355419257,-0.134550302340628,0.3649224378825533,0.3649224378825533,H_component_std_too_large;,False
20191127212856_ML3.0,VN,CCA,3.3229045280875127,3.3229045280875127,0.3331547153039942,2,82.22691345214844,82.22691345214844,82.22691345214844,3.0,2330.269188462672,1558.8878705080992,2019-11-27T21:29:39.993404,2019-11-27T21:30:09.317942,2019-11-27T21:29:39.993404,theory,SEISAN_HUTTON_NM,3.0873285697117847,3.5584804864632407,3.5990673757065377,787.5065525535267,2330.269188462672,2558.544542115047,3.3229045280875127,0.3331547153039942,3.5990673757065377,0.276162847619025,0.3229045280875127,0.3229045280875127,H_component_std_too_large;,False
20191127234457_ML4.8,VN,HGVB,5.39273577399819,5.39273577399819,0.3214871076700492,2,167.07501220703125,167.07501220703125,167.07501220703125,4.800000190734863,84500.24110569296,57081.328517725975,2019-11-27T23:50:39.809998,2019-11-27T23:51:41.883341,2019-11-27T23:50:39.809998,header,SEISAN_HUTTON_NM,5.1654100601006485,5.620061487895732,5.3252999768389175,29662.415929759,84500.24110569296,42864.36921197404,5.39273577399819,0.3214871076700492,5.3252999768389175,-0.0674357971592725,0.5927355832633268,0.5927355832633268,H_component_std_too_large;,False
20191201103456_ML3.0,VN,HGVB,3.4495296305000926,3.4495296305000926,0.3012420747559071,2,179.02362060546875,179.02362060546875,179.02362060546875,3.0,819.3223996281067,563.265793883902,2019-12-01T10:37:03.929003,2019-12-01T10:38:10.549080,2019-12-01T10:37:03.929003,header,SEISAN_HUTTON_NM,3.236519316661486,3.662539944338699,3.301995779112461,307.2091881396972,819.3223996281067,357.19935258073247,3.4495296305000926,0.3012420747559071,3.301995779112461,-0.1475338513876321,0.4495296305000926,0.4495296305000926,H_component_std_too_large;,False
20191201103456_ML3.0,VN,LSVB,3.3263017867374676,3.3263017867374676,0.3565675759364702,2,121.19368743896484,121.19368743896484,121.19368743896484,3.0,1338.795577018292,879.0124091503702,2019-12-01T10:36:47.826768,2019-12-01T10:37:31.995792,2019-12-01T10:36:47.826768,theory,SEISAN_HUTTON_NM,3.578433137633395,3.0741704358415403,3.1994974750345655,1338.795577018292,419.2292412824485,559.4723222110557,3.3263017867374676,0.3565675759364702,3.1994974750345655,-0.126804311702902,0.3263017867374675,0.3263017867374675,H_component_std_too_large;,False
20191228034224_ML3.0,RM,SLV,3.318847930972298,3.318847930972298,0.3960296551335617,2,224.58843994140625,224.58843994140625,224.58843994140625,3.0,451.2020061350485,287.7265917337211,2019-12-28T03:44:06.539998,2019-12-28T03:45:28.525627,2019-12-28T03:44:06.539998,header,SEISAN_HUTTON_NM,3.5988831856682086,3.038812676276386,3.3195966650646884,451.2020061350485,124.25117733239368,237.1835152335374,3.318847930972298,0.3960296551335617,3.3195966650646884,0.000748734092391,0.3188479309722973,0.3188479309722973,H_component_std_too_large;,False
20191230123956_ML3.1,RM,SLV,3.1255172984146276,3.1255172984146276,0.3063354230027332,2,152.17306518554688,152.17306518554688,152.17306518554688,3.0999999046325684,527.3842003070044,360.9384724543987,2019-12-30T12:45:54.599006,2019-12-30T12:46:49.448710,2019-12-30T12:45:54.599006,header,SEISAN_HUTTON_NM,3.3421291533375097,2.9089054434917454,3.3381211248449887,527.3842003070044,194.492744601793,522.5394529922182,3.1255172984146276,0.3063354230027332,3.3381211248449887,0.2126038264303611,0.0255173937820591,0.0255173937820591,H_component_std_too_large;,False
20200101040503_ML3.2,VN,HGVB,3.466618566166345,3.466618566166345,0.3100412599887302,2,116.5832977294922,116.5832977294922,116.5832977294922,3.200000047683716,1826.1736755199904,1245.7827981334576,2020-01-01T04:06:06.818998,2020-01-01T04:06:47.622198,2020-01-01T04:06:06.818998,header,SEISAN_HUTTON_NM,3.2473862887806924,3.6858508435519974,3.437309298084566,665.3919207469248,1826.1736755199904,1030.387384118185,3.466618566166345,0.3100412599887302,3.437309298084566,-0.029309268081779,0.2666185184826291,0.2666185184826291,H_component_std_too_large;,False
20200103123939_ML3.1,VN,HGVB,3.65975616785275,3.65975616785275,0.3330409158210881,2,126.8994369506836,126.8994369506836,126.8994369506836,3.0999999046325684,2573.7802287436507,1721.9514459558402,2020-01-03T12:40:57.279000,2020-01-03T12:41:42.399625,2020-01-03T12:40:57.279000,header,SEISAN_HUTTON_NM,3.4242606778630806,3.89525165784242,3.3954875944223017,870.1226631680298,2573.7802287436507,814.3430551123803,3.65975616785275,0.3330409158210881,3.3954875944223017,-0.2642685734304484,0.5597562632201818,0.5597562632201818,H_component_std_too_large;,False
20200103123939_ML3.1,VN,TGVB,3.552604794046759,3.552604794046759,0.3105743855806281,2,194.9940643310547,194.9940643310547,194.9940643310547,3.0999999046325684,894.85263645442,610.1695807580547,2020-01-03T12:41:15.512590,2020-01-03T12:42:27.796043,2020-01-03T12:41:15.512590,theory,SEISAN_HUTTON_NM,3.772214048153667,3.332995539939851,3.4739582788259096,894.85263645442,325.4865250616895,450.29357743982297,3.552604794046759,0.3105743855806281,3.4739582788259096,-0.0786465152208495,0.4526048894141907,0.4526048894141907,H_component_std_too_large;,False
20200228181235_ML4.0,VN,LAVB,4.908618167838739,4.908618167838739,0.3038719677359823,2,408.1503601074219,408.1503601074219,408.1503601074219,4.0,3500.044064194989,2400.606451506589,2020-02-28T18:14:59.314389,2020-02-28T18:17:32.800240,2020-02-28T18:14:59.314389,theory,SEISAN_HUTTON_NM,4.693748238840126,5.1234880968373515,4.784376952356458,1301.1688388181897,3500.044064194989,1603.106472245194,4.908618167838739,0.3038719677359823,4.784376952356458,-0.1242412154822814,0.908618167838739,0.908618167838739,H_component_std_too_large;,False
20200403224444_ML2.0,VN,MTE,3.0096074736274443,3.0096074736274443,0.4420424916540144,2,70.41111755371094,70.41111755371094,70.41111755371094,2.0,1691.2972056544984,1046.1177066108824,2020-04-03T22:46:07.316462,2020-04-03T22:46:32.139745,2020-04-03T22:46:07.316462,theory,SEISAN_HUTTON_NM,3.3221787170485957,2.697036230206293,3.223637621631984,1691.2972056544984,400.93820756726626,1347.965683005405,3.0096074736274443,0.4420424916540144,3.223637621631984,0.2140301480045399,1.0096074736274443,1.0096074736274443,H_component_std_too_large;,False
20200615164203_ML3.4,RM,SLV,2.5530240865354212,2.5530240865354212,1.1337687746417726,2,184.69406127929688,184.69406127929688,184.69406127929688,3.4000000953674316,380.0888642458034,194.7810022604273,2020-06-15T16:44:08.869732,2020-06-15T16:45:17.229374,2020-06-15T16:44:08.869732,theory,SEISAN_HUTTON_NM,3.3547196753821815,1.7513284976886614,3.3910179256601634,380.0888642458034,9.473140275051184,413.2219627445507,2.5530240865354212,1.1337687746417726,3.3910179256601634,0.8379938391247421,-0.8469760088320104,0.8469760088320104,residual_outside_bias_centered_2std;H_component_std_too_large;Z_minus_H_too_large;,False
20200616061112_ML4.8,RM,SLV,4.134328604082998,4.134328604082998,1.2964972129204495,2,182.1603240966797,182.1603240966797,182.1603240966797,4.800000190734863,19395.62842061067,9840.096196002816,2020-06-16T06:13:19.745807,2020-06-16T06:14:27.140216,2020-06-16T06:13:19.745807,theory,SEISAN_HUTTON_NM,5.051090575128507,3.217566633037489,5.0590498318581645,19395.62842061067,284.5639713949658,19754.3667353062,4.134328604082998,1.2964972129204495,5.0590498318581645,0.9247212277751666,-0.6656715866518654,0.6656715866518654,H_component_std_too_large;Z_minus_H_too_large;,False
20200616061112_ML4.8,VN,BKVB,5.676893928806723,5.676893928806723,0.4164816236287745,2,330.71563720703125,330.71563720703125,330.71563720703125,4.800000190734863,43625.82012336267,27432.694379741337,2020-06-16T06:14:02.190182,2020-06-16T06:16:06.177091,2020-06-16T06:14:02.190182,theory,SEISAN_HUTTON_NM,5.382396948499233,5.971390909114213,5.419228023099109,11239.568636120008,43625.82012336267,12234.344865073474,5.676893928806723,0.4164816236287745,5.419228023099109,-0.257665905707614,0.8768937380718596,0.8768937380718596,H_component_std_too_large;,False
20200616061112_ML4.8,VN,CBVB,5.790269641976472,5.790269641976472,0.3763117443829294,2,362.8857116699219,362.8857116699219,362.8857116699219,4.800000190734863,41606.73905574727,26912.06549870512,2020-06-16T06:14:11.381632,2020-06-16T06:16:27.623808,2020-06-16T06:14:11.381632,theory,SEISAN_HUTTON_NM,5.524177055683164,6.05636222826978,5.493357789173158,12217.39194166297,41606.73905574727,11380.444889631188,5.790269641976472,0.3763117443829294,5.493357789173158,-0.2969118528033139,0.990269451241609,0.990269451241609,H_component_std_too_large;,False
20200616061112_ML4.8,VN,TYVB,6.614058071538745,6.614058071538745,0.1063825205244783,2,504.6486206054687,504.6486206054687,504.6486206054687,4.800000190734863,66861.80395017403,57073.788118780765,2020-06-16T06:14:52.109004,2020-06-16T06:18:02.132414,2020-06-16T06:14:52.109004,header,SEISAN_HUTTON_NM,6.538834269876169,6.68928187320132,6.368338892201427,47285.7722873875,66861.80395017403,31932.66087472562,6.614058071538745,0.1063825205244783,6.368338892201427,-0.2457191793373176,1.8140578808038816,1.8140578808038816,residual_outside_bias_centered_2std;,False
20200616061112_ML4.8,VN,VTVB,5.497691124702819,5.497691124702819,0.3398218095791092,2,231.34130859375,231.34130859375,231.34130859375,4.800000190734863,58401.67711514129,38857.22663861686,2020-06-16T06:13:33.797517,2020-06-16T06:14:59.927539,2020-06-16T06:13:33.797517,theory,SEISAN_HUTTON_NM,5.2574008187543475,5.737981430651291,5.368199415437798,19312.776162092436,58401.67711514129,24925.466984495342,5.497691124702819,0.3398218095791092,5.368199415437798,-0.1294917092650216,0.697690933967956,0.697690933967956,H_component_std_too_large;,False
20200616150212_ML2.5,VN,NNU,2.723339102160536,2.723339102160536,0.3352308725876961,2,56.026954650878906,56.026954650878906,56.026954650878906,2.5,1008.7219987736192,673.6596318597325,2020-06-16T15:03:44.506701,2020-06-16T15:04:03.850303,2020-06-16T15:03:44.506701,theory,SEISAN_HUTTON_NM,2.4862950788906923,2.960383125430379,2.6102089952695575,338.5972649458459,1008.7219987736192,450.39894244945015,2.723339102160536,0.3352308725876961,2.6102089952695575,-0.1131301068909782,0.2233391021605357,0.2233391021605357,H_component_std_too_large;,False
20200616180823_ML2.1,VN,SPVB,3.456627626350216,3.456627626350216,0.3553065471653936,2,124.43588256835938,124.43588256835938,124.43588256835938,2.0999999046325684,1727.0059158088434,1135.0121214368294,2020-06-16T18:10:06.152109,2020-06-16T18:10:51.556255,2020-06-16T18:10:06.152109,theory,SEISAN_HUTTON_NM,3.707867295250843,3.205387957449588,3.4714425176627604,1727.0059158088434,543.0183270648155,1002.0030596017286,3.456627626350216,0.3553065471653936,3.4714425176627604,0.0148148913125445,1.3566277217176477,1.3566277217176477,H_component_std_too_large;,False
20200619010812_ML3.1,RM,SLV,2.3400341832845997,2.3400341832845997,1.262181666178692,2,181.3859100341797,181.3859100341797,181.3859100341797,3.0999999046325684,296.9354777117975,150.90351663295047,2020-06-19T01:10:17.423546,2020-06-19T01:11:24.522940,2020-06-19T01:10:17.423546,theory,SEISAN_HUTTON_NM,3.232531398528888,1.4475369680403114,3.2157210242708683,296.9354777117975,4.871555554103478,285.6615022415928,2.3400341832845997,1.262181666178692,3.2157210242708683,0.8756868409862686,-0.7599657213479687,0.7599657213479687,residual_outside_bias_centered_2std;H_component_std_too_large;Z_minus_H_too_large;,False
20200727051155_ML5.0,VN,HGVB,6.017885877669851,6.017885877669851,0.3331384733223174,2,212.94883728027344,212.94883728027344,212.94883728027344,5.0,227295.84435281288,152056.88260853087,2020-07-27T05:15:49.542525,2020-07-27T05:17:08.665892,2020-07-27T05:15:49.542525,theory,SEISAN_HUTTON_NM,6.253450351230196,5.782321404109507,5.8545548223444674,227295.84435281288,76817.92086424887,90718.52214549512,6.017885877669851,0.3331384733223174,5.8545548223444674,-0.1633310553253837,1.0178858776698512,1.0178858776698512,H_component_std_too_large;,False
20200727051155_ML5.0,VN,VTVB,5.676409435746565,5.676409435746565,0.4858654059674548,2,147.65684509277344,147.65684509277344,147.65684509277344,5.0,264865.40827901417,159652.05729658762,2020-07-27T05:15:31.069010,2020-07-27T05:16:25.137897,2020-07-27T05:15:31.069010,header,SEISAN_HUTTON_NM,6.019968159050107,5.3328507124430224,5.468946417660227,264865.40827901417,54438.70631416107,74473.79779245048,5.676409435746565,0.4858654059674548,5.468946417660227,-0.2074630180863375,0.6764094357465646,0.6764094357465646,H_component_std_too_large;,False
20200727051157_ML5.1,VN,HGVB,6.017885877669851,6.017885877669851,0.3331384733223174,2,212.94883728027344,212.94883728027344,212.94883728027344,5.0,227295.84435281288,152056.88260853087,2020-07-27T05:15:49.542525,2020-07-27T05:17:08.665892,2020-07-27T05:15:49.542525,theory,SEISAN_HUTTON_NM,6.253450351230196,5.782321404109507,5.8545548223444674,227295.84435281288,76817.92086424887,90718.52214549512,6.017885877669851,0.3331384733223174,5.8545548223444674,-0.1633310553253837,1.0178858776698512,1.0178858776698512,H_component_std_too_large;,False
20200727051157_ML5.1,VN,VTVB,5.6717327626815734,5.6717327626815734,0.4856617589506911,2,146.6125946044922,146.6125946044922,146.6125946044922,5.099999904632568,265215.9028998945,159881.40406288582,2020-07-27T05:15:31.729005,2020-07-27T05:16:24.339730,2020-07-27T05:15:31.729005,header,SEISAN_HUTTON_NM,6.015147485798593,5.328318039564553,5.462904551813305,265215.9028998945,54546.90522587714,74362.95303110604,5.6717327626815734,0.4856617589506911,5.462904551813305,-0.2088282108682682,0.5717328580490051,0.5717328580490051,H_component_std_too_large;,False
20200727084958_ML3.4,VN,VTVB,3.737525497638644,3.737525497638644,0.3012128887718018,2,147.2032928466797,147.2032928466797,147.2032928466797,3.4000000953674316,2269.4075618283723,1560.2072934128178,2020-07-27T08:53:07.539002,2020-07-27T08:54:01.234529,2020-07-27T08:53:07.539002,header,SEISAN_HUTTON_NM,3.950515173869974,3.524535821407314,3.427811160111177,2269.4075618283723,851.007024997263,681.0962417397703,3.737525497638644,0.3012128887718018,3.427811160111177,-0.3097143375274673,0.3375254022712126,0.3375254022712126,H_component_std_too_large;,False
20200728012456_ML4.1,VN,VTVB,4.5619442674807535,4.5619442674807535,0.3810124714560755,2,150.4859161376953,150.4859161376953,150.4859161376953,4.099999904632568,16592.88821927225,10695.60286797741,2020-07-28T01:27:26.895976,2020-07-28T01:28:22.223944,2020-07-28T01:27:26.895976,theory,SEISAN_HUTTON_NM,4.83136076976399,4.292527765197517,4.231804183207816,16592.88821927225,4798.317516682571,4172.202711095383,4.5619442674807535,0.3810124714560755,4.231804183207816,-0.3301400842729372,0.4619443628481852,0.4619443628481852,H_component_std_too_large;,False
20200728012458_ML3.8,VN,VTVB,4.558059220896336,4.558059220896336,0.38241367767366,2,149.8490753173828,149.8490753173828,149.8490753173828,3.799999952316284,16606.410089679648,10693.388046063192,2020-07-28T01:27:25.999005,2020-07-28T01:28:21.198384,2020-07-28T01:27:25.999005,header,SEISAN_HUTTON_NM,4.828466525597868,4.287651916194805,4.227772144886077,16606.410089679648,4780.366002446734,4164.677511185238,4.558059220896336,0.38241367767366,4.227772144886077,-0.3302870760102587,0.7580592685800518,0.7580592685800518,H_component_std_too_large;,False
20200803101458_ML3.5,VN,HBVB,3.25222073293257,3.25222073293257,0.2417845287529688,2,64.52157592773438,64.52157592773438,64.52157592773438,1.7000000476837158,2412.5144405939263,1755.172052741329,2020-08-03T12:07:55.988009,2020-08-03T12:08:18.213384,2020-08-03T12:07:55.988009,header,SEISAN_HUTTON_NM,3.081253253065352,3.423188212799788,3.3535507063188845,1097.8296648887317,2412.5144405939263,2055.0974250652243,3.25222073293257,0.2417845287529688,3.3535507063188845,0.1013299733863144,1.5522206852488545,1.5522206852488545,residual_outside_bias_centered_2std;,False
20200804152104_ML3.0,VN,DBVB,4.035890619143974,4.035890619143974,0.5995691599682011,2,180.09017944335938,180.09017944335938,180.09017944335938,3.0,5080.256785638393,2900.6545930437705,2020-08-04T15:22:59.753337,2020-08-04T15:24:06.359120,2020-08-04T15:22:59.753337,theory,SEISAN_HUTTON_NM,3.6119312003401367,4.4598500379478105,3.2956496213387787,721.0524004491485,5080.256785638393,348.0849513671135,4.035890619143974,0.5995691599682011,3.2956496213387787,-0.7402409978051949,1.0358906191439736,1.0358906191439736,H_component_std_too_large;Z_minus_H_too_large;,False
20200817012514_ML4.1,VN,HGVB,4.304370282460724,4.304370282460724,0.3334597789874812,2,215.01304626464844,215.01304626464844,215.01304626464844,4.099999904632568,4312.720909474763,2884.371581121595,2020-08-17T01:27:01.099004,2020-08-17T01:28:20.442031,2020-08-17T01:27:01.099004,header,SEISAN_HUTTON_NM,4.54016195343574,4.068578611485709,4.1355590509791265,4312.720909474763,1456.022252768427,1698.8242508747917,4.304370282460724,0.3334597789874812,4.1355590509791265,-0.1688112314815972,0.2043703778281553,0.2043703778281553,H_component_std_too_large;,False
20200817060033_ML3.2,VN,HGVB,3.2757533459126336,3.2757533459126336,0.3044491158390427,2,214.80148315429688,214.80148315429688,214.80148315429688,3.200000047683716,385.91814714840865,264.5584329725541,2020-08-17T06:02:10.471852,2020-08-17T06:03:30.300989,2020-08-17T06:02:10.471852,theory,SEISAN_HUTTON_NM,3.4910313802486694,3.0604753115765977,3.122582432059027,385.91814714840865,143.1987187966995,165.21377432920582,3.2757533459126336,0.3044491158390427,3.122582432059027,-0.1531709138536063,0.0757532982289177,0.0757532982289177,H_component_std_too_large;,False
20200825213422_ML2.6,RM,SLV,2.771724675162172,2.771724675162172,0.3025952724480586,2,70.33555603027344,70.33555603027344,70.33555603027344,2.5999999046325684,780.5369670579764,535.9582820365856,2020-08-25T21:35:02.269994,2020-08-25T21:35:27.689371,2020-08-25T21:35:02.269994,header,SEISAN_HUTTON_NM,2.985691844265185,2.557757506059158,2.834756243749875,780.5369670579764,291.37959701519475,551.3887183603091,2.771724675162172,0.3025952724480586,2.834756243749875,0.0630315685877032,0.1717247705296034,0.1717247705296034,H_component_std_too_large;,False
20200825213422_ML2.6,VN,HBVB,4.044856862833083,4.044856862833083,0.1763329895173281,2,189.5228271484375,189.5228271484375,189.5228271484375,2.5999999046325684,2361.2429706819307,1845.4936895511885,2020-08-25T21:35:39.568997,2020-08-25T21:36:47.147551,2020-08-25T21:35:39.568997,header,SEISAN_HUTTON_NM,3.920170610198484,4.1695431154676825,4.020535241665426,1329.7444084204458,2361.2429706819307,1675.4551403116282,4.044856862833083,0.1763329895173281,4.020535241665426,-0.0243216211676573,1.444856958200515,1.444856958200515,residual_outside_bias_centered_2std;,False
20201020115856_ML2.6,VN,HBVB,4.109589317675185,4.109589317675185,0.0274099747422455,2,187.2171173095703,187.2171173095703,187.2171173095703,2.5999999046325684,2202.050021720388,2108.034647273058,2020-10-20T12:00:32.589605,2020-10-20T12:01:41.910412,2020-10-20T12:00:32.589605,theory,SEISAN_HUTTON_NM,4.090207538662791,4.128971096687579,4.0554350765906735,2014.0192728257275,2202.050021720388,1859.0503835316229,4.109589317675185,0.0274099747422455,4.0554350765906735,-0.0541542410845119,1.509589413042617,1.509589413042617,residual_outside_bias_centered_2std;,False
20201108203714_ML2.0,VN,HBVB,3.5102031155144924,3.5102031155144924,0.0360739049860378,2,119.9483413696289,119.9483413696289,119.9483413696289,2.0,1234.02863962309,1165.643670260892,2020-11-08T20:38:56.169955,2020-11-08T20:39:39.864561,2020-11-08T20:38:56.169955,theory,SEISAN_HUTTON_NM,3.484695012674986,3.535711218353999,3.6257784871803023,1097.258700898694,1234.02863962309,1518.422071132704,3.5102031155144924,0.0360739049860378,3.6257784871803023,0.1155753716658103,1.5102031155144924,1.5102031155144924,residual_outside_bias_centered_2std;,False
20201230190235_ML3.3,VN,MTE2,5.289741456499977,5.289741456499977,0.3114296095862088,2,328.7839050292969,328.7839050292969,328.7839050292969,3.299999952316284,15303.231743527464,10427.013301421215,2020-12-30T19:04:04.899000,2020-12-30T19:07:20.089270,2020-12-30T19:04:04.899000,header,SEISAN_HUTTON_NM,5.509955445300664,5.069527467699289,4.997102979436296,15303.231743527464,5550.794859314967,4698.191222448581,5.289741456499977,0.3114296095862088,4.997102979436296,-0.2926384770636803,1.9897415041836928,1.9897415041836928,residual_outside_bias_centered_2std;H_component_std_too_large;,False
20210525004621_ML2.4,RM,SLV,2.1763371611710625,2.1763371611710625,0.3752088043072013,2,67.81270599365234,67.81270599365234,67.81270599365234,2.4000000953674316,234.81646389817044,152.00799847803947,2021-05-25T00:47:31.474059,2021-05-25T00:47:55.307471,2021-05-25T00:47:31.474059,theory,SEISAN_HUTTON_NM,2.441649851057581,1.911024471284544,2.573174000308236,234.81646389817044,69.19953305790851,317.87230633976617,2.1763371611710625,0.3752088043072013,2.573174000308236,0.3968368391371735,-0.2236629341963691,0.2236629341963691,H_component_std_too_large;,False
20211007200339_ML2.2,RM,SLV,2.056566730111019,2.056566730111019,0.3034630106522586,2,30.988466262817383,30.988466262817383,30.988466262817383,2.200000047683716,443.96342245543445,304.6151240179041,2021-10-07T20:04:14.219000,2021-10-07T20:04:23.557978,2021-10-07T20:04:14.219000,header,SEISAN_HUTTON_NM,2.271147482782516,1.841985977439521,2.1782244043935055,443.96342245543445,165.2668255803738,358.4463086252703,2.056566730111019,0.3034630106522586,2.1782244043935055,0.1216576742824866,-0.1434333175726969,0.1434333175726969,H_component_std_too_large;,False
20211007200339_ML2.2,VN,HBVB,3.917745029810763,3.917745029810763,0.0388346592410798,2,163.51341247558594,163.51341247558594,163.51341247558594,2.200000047683716,1858.3207525765688,1747.9459447849842,2021-10-07T20:04:51.617118,2021-10-07T20:05:51.907942,2021-10-07T20:04:51.617118,theory,SEISAN_HUTTON_NM,3.945205280705199,3.8902847789163264,3.778289411855212,1858.3207525765688,1637.5711369933997,1265.332922433485,3.917745029810763,0.0388346592410798,3.778289411855212,-0.1394556179555506,1.717744982127047,1.717744982127047,residual_outside_bias_centered_2std;,False
20211020081743_ML2.1,VN,SPVB,3.7097375338891823,3.7097375338891823,0.0164356895158137,2,161.00205993652344,161.00205993652344,161.00205993652344,2.0999999046325684,1141.5174055782393,1111.773280276867,2021-10-20T08:19:03.319997,2021-10-20T08:20:01.134707,2021-10-20T08:19:03.319997,header,SEISAN_HUTTON_NM,3.6981157463790737,3.721359321399291,3.6051118151789,1082.0291549754943,1141.5174055782393,873.443931263846,3.7097375338891823,0.0164356895158137,3.6051118151789,-0.1046257187102819,1.609737629256614,1.609737629256614,residual_outside_bias_centered_2std;,False
20211108123654_ML3.0,VN,HBVB,4.7566154803376985,4.7566154803376985,0.0386356616293614,2,298.4634704589844,298.4634704589844,298.4634704589844,3.0,3653.506166150671,3437.5499355768643,2021-11-08T12:39:12.079005,2021-11-08T12:41:02.674647,2021-11-08T12:39:12.079005,header,SEISAN_HUTTON_NM,4.783935018671449,4.729295942003948,4.4747441499282745,3653.506166150671,3221.5937050030575,1792.7468823158447,4.7566154803376985,0.0386356616293614,4.4747441499282745,-0.281871330409424,1.7566154803376983,1.7566154803376983,residual_outside_bias_centered_2std;,False
20211108123654_ML3.0,VN,MLVB,3.388906154920469,3.388906154920469,0.6983306761555803,2,101.0703353881836,101.0703353881836,101.0703353881836,3.0,3602.012893484917,1986.3282656745153,2021-11-08T12:38:15.399005,2021-11-08T12:38:51.079224,2021-11-08T12:38:15.399005,header,SEISAN_HUTTON_NM,3.8827005115406665,2.895111798300271,2.990160639426617,3602.012893484917,370.64363786411326,461.3233009751181,3.388906154920469,0.6983306761555803,2.990160639426617,-0.3987455154938519,0.3889061549204688,0.3889061549204688,H_component_std_too_large;,False
20211108123705_ML3.0,VN,HBVB,4.779946045730738,4.779946045730738,0.0417308878586675,2,301.4239807128906,301.4239807128906,301.4239807128906,3.0,3783.341609802242,3542.9829445436535,2021-11-08T12:39:12.079002,2021-11-08T12:41:05.448320,2021-11-08T12:39:12.079002,header,SEISAN_HUTTON_NM,4.809454239520537,4.750437851940939,4.483098905235197,3783.341609802242,3302.6242792850653,1784.515081189524,4.779946045730738,0.0417308878586675,4.483098905235197,-0.296847140495541,1.779946045730738,1.779946045730738,residual_outside_bias_centered_2std;,False
20211108123705_ML3.0,VN,MLVB,3.3931053122925636,3.3931053122925636,0.6966631337154988,2,101.55603790283205,101.55603790283205,101.55603790283205,3.0,3600.2797296984036,1986.381080410712,2021-11-08T12:38:15.399002,2021-11-08T12:38:52.203025,2021-11-08T12:38:15.399002,header,SEISAN_HUTTON_NM,3.8857205383454634,2.900490086239664,2.9960861340828995,3600.2797296984036,372.48243112302026,464.19647803955337,3.3931053122925636,0.6966631337154988,2.9960861340828995,-0.3970191782096641,0.3931053122925636,0.3931053122925636,H_component_std_too_large;,False
20211126213529_ML2.5,VN,MLVB,3.3073378197942356,3.3073378197942356,0.6245945466657168,2,108.68071746826172,108.68071746826172,108.68071746826172,2.5,2362.9636006836895,1336.0488642149137,2021-11-26T21:36:46.189004,2021-11-26T21:37:25.052812,2021-11-26T21:36:46.189004,header,SEISAN_HUTTON_NM,3.7489928592337014,2.8656827803547698,2.752425484825742,2362.9636006836895,309.134127746138,238.1714262446388,3.3073378197942356,0.6245945466657168,2.752425484825742,-0.5549123349684937,0.8073378197942356,0.8073378197942356,H_component_std_too_large;,False
20211204180121_ML2.3,VN,MLVB,2.9696093680860347,2.9696093680860347,0.3940830503290917,2,100.3254165649414,100.3254165649414,100.3254165649414,2.299999952316284,845.4480941648598,539.8732557528939,2021-12-04T18:01:59.999003,2021-12-04T18:02:35.082611,2021-12-04T18:01:59.999003,header,SEISAN_HUTTON_NM,3.248268165324415,2.6909505708476544,2.917522951453698,845.4480941648598,234.298417340928,394.7678129361116,2.9696093680860347,0.3940830503290917,2.917522951453698,-0.0520864166323367,0.6696094157697505,0.6696094157697505,H_component_std_too_large;,False
20211206213635_ML2.6,VN,MLVB,3.264032704592722,3.264032704592722,0.5280951688947224,2,106.4784164428711,106.4784164428711,106.4784164428711,2.5999999046325684,1887.764499646756,1112.9568888832323,2021-12-06T21:37:52.221405,2021-12-06T21:38:30.784611,2021-12-06T21:37:52.221405,theory,SEISAN_HUTTON_NM,3.637452379630035,2.890613029555409,2.7975710541072125,1887.764499646756,338.1492781197085,272.939561310947,3.264032704592722,0.5280951688947224,2.7975710541072125,-0.4664616504855097,0.6640327999601539,0.6640327999601539,H_component_std_too_large;,False
20211206213635_ML2.6,VN,NNA,3.3165420501042577,3.3165420501042577,0.3536258274105736,2,106.2222900390625,106.2222900390625,106.2222900390625,2.5999999046325684,1609.6585463233894,1059.2786097980256,2021-12-06T21:37:53.389996,2021-12-06T21:38:30.613860,2021-12-06T21:37:53.389996,header,SEISAN_HUTTON_NM,3.566593270668978,3.0664908295395374,3.5183130700126393,1609.6585463233894,508.8986732726621,1440.3019846393045,3.3165420501042577,0.3536258274105736,3.5183130700126393,0.2017710199083815,0.7165421454716894,0.7165421454716894,H_component_std_too_large;,False
20211215045136_ML2.5,VN,MLVB,3.0284982731935566,3.0284982731935566,0.5262097747353351,2,100.46592712402344,100.46592712402344,100.46592712402344,2.5,1198.0178998653105,706.9683123992994,2021-12-15T04:52:41.358999,2021-12-15T04:53:17.876285,2021-12-15T04:52:41.358999,header,SEISAN_HUTTON_NM,3.4005847732355576,2.6564117731515555,2.5874035353598925,1198.0178998653105,215.91872493328836,184.19679494133925,3.0284982731935566,0.5262097747353351,2.5874035353598925,-0.441094737833664,0.5284982731935566,0.5284982731935566,H_component_std_too_large;,False
20211215045136_ML2.5,VN,MTE,2.682457304906587,2.682457304906587,0.4466379095077183,2,70.55179595947266,70.55179595947266,70.55179595947266,2.5,800.0021302005714,493.4167406139963,2021-12-15T04:52:33.056656,2021-12-15T04:52:57.933531,2021-12-15T04:52:33.056656,theory,SEISAN_HUTTON_NM,2.998277999454478,2.366636610358696,2.459851285361851,800.0021302005714,186.8313510274212,231.56047369463525,2.682457304906587,0.4466379095077183,2.459851285361851,-0.2226060195447359,0.1824573049065869,0.1824573049065869,H_component_std_too_large;,False
20211231224607_ML1.4,VN,MLVB,2.577637250646601,2.577637250646601,0.485048819639474,2,76.917724609375,76.917724609375,76.917724609375,1.399999976158142,591.2276345263687,356.5341280695752,2021-12-31T22:47:32.639001,2021-12-31T22:47:59.377483,2021-12-31T22:47:32.639001,header,SEISAN_HUTTON_NM,2.9206185602202037,2.2346559410729983,2.484185507374657,591.2276345263687,121.84062161278172,216.4320995007922,2.577637250646601,0.485048819639474,2.484185507374657,-0.0934517432719439,1.177637274488459,1.177637274488459,H_component_std_too_large;,False
20211231224607_ML1.4,VN,NNA,2.771753894026315,2.771753894026315,0.3145454535290987,2,52.588356018066406,52.588356018066406,52.588356018066406,1.399999976158142,1187.385317912266,806.8632221100814,2021-12-31T22:47:25.919000,2021-12-31T22:47:43.157904,2021-12-31T22:47:25.919000,header,SEISAN_HUTTON_NM,2.994171117208139,2.5493366708444913,2.6463400490540296,1187.385317912266,426.34112630789696,533.0409894241112,2.771753894026315,0.3145454535290987,2.6463400490540296,-0.1254138449722854,1.371753917868173,1.371753917868173,H_component_std_too_large;,False
20211231224607_ML1.4,VN,SPVB,3.4237665332623823,3.4237665332623823,0.0743809292350493,2,105.62727355957033,105.62727355957033,105.62727355957033,1.399999976158142,1319.2734060974126,1177.379771721046,2021-12-31T22:47:42.939004,2021-12-31T22:48:18.517182,2021-12-31T22:47:42.939004,header,SEISAN_HUTTON_NM,3.4763617927154424,3.3711712738093222,3.4347908277732753,1319.2734060974126,1035.486137344679,1198.8472270344346,3.4237665332623823,0.0743809292350493,3.4347908277732753,0.0110242945108929,2.02376655710424,2.02376655710424,residual_outside_bias_centered_2std;,False
20220110000819_ML2.4,VN,MLVB,2.4944374110592253,2.4944374110592253,0.4950823072523408,2,77.91838073730469,77.91838073730469,77.91838073730469,2.4000000953674316,486.9982700137713,292.0665858611011,2022-01-10T00:09:42.058999,2022-01-10T00:10:09.544587,2022-01-10T00:09:42.058999,header,SEISAN_HUTTON_NM,2.8445134677628374,2.1443613543556133,2.2969306240164444,486.9982700137713,97.13490170843086,138.0208109197037,2.4944374110592253,0.4950823072523408,2.2969306240164444,-0.1975067870427809,0.0944373156917937,0.0944373156917937,H_component_std_too_large;,False
20220110000819_ML2.4,VN,NNA,3.211458465741873,3.211458465741873,0.535594986309453,2,67.26261138916016,67.26261138916016,67.26261138916016,2.4000000953674316,3343.69105268192,1964.0927902179135,2022-01-10T00:09:38.868997,2022-01-10T00:10:02.440741,2022-01-10T00:09:38.868997,header,SEISAN_HUTTON_NM,3.5901813125308033,2.8327356189529427,3.3850997474157154,3343.69105268192,584.494527753907,2085.184932000158,3.211458465741873,0.535594986309453,3.3850997474157154,0.1736412816738424,0.8114583703744414,0.8114583703744414,H_component_std_too_large;,False
20220225232019_ML2.2,VN,TGVB,3.057600300994407,3.057600300994407,0.4832956937332959,2,137.95013427734375,137.95013427734375,137.95013427734375,2.200000047683716,713.7147102048629,430.81981173032,2022-02-25T23:22:13.999003,2022-02-25T23:23:02.665756,2022-02-25T23:22:13.999003,header,SEISAN_HUTTON_NM,3.3993419633514774,2.7158586386373367,2.8500285087386876,713.7147102048629,147.92491325577714,201.47037434214596,3.057600300994407,0.4832956937332959,2.8500285087386876,-0.2075717922557194,0.8576002533106912,0.8576002533106912,H_component_std_too_large;,False
20220420215406_ML2.0,VN,VN05,2.4164808251559746,2.4164808251559746,0.2155821928206628,2,40.6640625,40.6640625,40.6640625,2.0,624.944469688166,467.3297094815322,2022-04-20T21:55:29.849000,2022-04-20T21:55:44.208375,2022-04-20T21:55:29.849000,header,SEISAN_HUTTON_NM,2.568920455602531,2.264041194709418,4.0165119959324365,624.944469688166,309.7149492748984,17515.920668058454,2.4164808251559746,0.2155821928206628,4.0165119959324365,1.6000311707764618,0.4164808251559746,0.4164808251559746,Z_minus_H_too_large;,False
20220604183510_ML2.6,VN,VN08,2.626204145181992,2.626204145181992,0.3263277506555826,2,97.84856414794922,97.84856414794922,97.84856414794922,2.5999999046325684,356.8646063072324,240.0884457659425,2022-06-04T18:35:46.455733,2022-06-04T18:36:21.731376,2022-06-04T18:35:46.455733,theory,SEISAN_HUTTON_NM,2.395455579804077,2.8569527105599075,2.333609595171792,123.31228522465264,356.8646063072324,106.94496964603093,2.626204145181992,0.3263277506555826,2.333609595171792,-0.2925945500102003,0.0262042405494238,0.0262042405494238,H_component_std_too_large;,False
20220717095218_ML3.4,VN,MCVB,3.982472593856861,3.982472593856861,0.8298864856651275,2,174.33071899414062,174.33071899414062,174.33071899414062,3.4000000953674316,6948.336519886612,3707.0921984583742,2022-07-17T09:54:04.207777,2022-07-17T09:55:08.619479,2022-07-17T09:54:04.207777,theory,SEISAN_HUTTON_NM,3.395654232227977,4.569290955485745,4.65680665736734,465.8478770301368,6948.336519886612,8499.561992095812,3.982472593856861,0.8298864856651275,4.65680665736734,0.6743340635104786,0.5824724984894294,0.5824724984894294,H_component_std_too_large;,False
20220730165146_ML3.7,VN,BGVB,4.639022978016186,4.639022978016186,0.3000805616947662,2,423.0306396484375,423.0306396484375,423.0306396484375,3.700000047683716,1684.2685705348483,1159.093475536733,2022-07-30T16:54:34.564897,2022-07-30T16:57:13.719426,2022-07-30T16:54:34.564897,theory,SEISAN_HUTTON_NM,4.426833977939548,4.851211978092823,4.390883359094284,633.9183805386175,1684.2685705348483,583.5562509823872,4.639022978016186,0.3000805616947662,4.390883359094284,-0.2481396189219022,0.9390229303324702,0.9390229303324702,H_component_std_too_large;,False
20220730165146_ML3.7,VN,MCVB,4.692257603272408,4.692257603272408,0.3402423741857608,2,287.7394714355469,287.7394714355469,287.7394714355469,3.700000047683716,5617.308971517052,3736.173745700074,2022-07-30T16:53:46.949000,2022-07-30T16:55:43.525314,2022-07-30T16:53:46.949000,header,SEISAN_HUTTON_NM,4.4516699132386455,4.93284529330617,4.342570643613395,1855.038519883096,5617.308971517052,1442.95790771527,4.692257603272408,0.3402423741857608,4.342570643613395,-0.3496869596590128,0.992257555588692,0.992257555588692,H_component_std_too_large;,False
20220730165146_ML3.7,VN,TYVB,5.3143205484037095,5.3143205484037095,0.257515166971815,2,539.72265625,539.72265625,539.72265625,3.700000047683716,3416.850903081553,2447.034444519464,2022-07-30T16:55:07.905473,2022-07-30T16:58:31.514104,2022-07-30T16:55:07.905473,theory,SEISAN_HUTTON_NM,5.132229827579553,5.496411269227866,5.102691821816654,1477.2179859573755,3416.850903081553,1380.0873687931542,5.3143205484037095,0.257515166971815,5.102691821816654,-0.2116287265870555,1.6143205007199937,1.6143205007199937,residual_outside_bias_centered_2std;,False
20220730165146_ML3.7,VN,VN09,4.033907723462088,4.033907723462088,0.3037500725387144,2,124.03272247314452,124.03272247314452,124.03272247314452,3.700000047683716,6031.764088176784,4137.50497454957,2022-07-30T16:53:09.136921,2022-07-30T16:53:54.387482,2022-07-30T16:53:09.136921,theory,SEISAN_HUTTON_NM,3.8191239873840575,4.248691459540119,3.98176580052294,2243.245860922356,6031.764088176784,3262.260880077897,4.033907723462088,0.3037500725387144,3.98176580052294,-0.0521419229391479,0.3339076757783719,0.3339076757783719,H_component_std_too_large;,False
20220804115123_ML2.4,VN,MLVB,2.579697206304431,2.579697206304431,0.6578612127449436,2,34.39165115356445,34.39165115356445,34.39165115356445,2.4000000953674316,2314.260539987018,1292.969748445611,2022-08-04T11:52:25.978999,2022-08-04T11:52:36.626767,2022-08-04T11:52:25.978999,header,SEISAN_HUTTON_NM,3.0448753309159864,2.114519081692875,1.806593032998888,2314.260539987018,271.6789569042039,133.69955212077716,2.579697206304431,0.6578612127449436,1.806593032998888,-0.7731041733055428,0.1796971109369991,0.1796971109369991,H_component_std_too_large;Z_minus_H_too_large;,False
20220806153901_ML2.5,VN,MLVB,2.562261006325335,2.562261006325335,0.6131292310481574,2,44.41045379638672,44.41045379638672,44.41045379638672,2.5,1489.9253229867877,846.1296522234234,2022-08-06T15:40:05.369003,2022-08-06T15:40:20.605969,2022-08-06T15:40:05.369003,header,SEISAN_HUTTON_NM,2.9958088433431804,2.128713169307489,1.9103930372823743,1489.9253229867877,202.33398146005928,122.39077800543905,2.562261006325335,0.6131292310481574,1.9103930372823743,-0.6518679690429603,0.0622610063253348,0.0622610063253348,H_component_std_too_large;,False
20220809202829_ML-12345.0,VN,BKVB,4.1819671420320494,4.1819671420320494,0.1483361509665015,2,375.6036376953125,375.6036376953125,375.6036376953125,,644.1925507111082,520.8003195279952,2022-08-09T20:31:05.114325,2022-08-09T20:33:26.201425,2022-08-09T20:31:05.114325,theory,SEISAN_HUTTON_NM,4.077077643788525,4.286856640275574,4.267895115856119,397.4080883448822,644.1925507111082,616.6719208923727,4.1819671420320494,0.1483361509665015,4.267895115856119,0.0859279738240692,,,missing_header_ML;residual_outside_bias_centered_2std;,False
20220809202829_ML-12345.0,VN,CBVB,4.350411339329044,4.350411339329044,0.1517209142537308,2,413.6439208984375,413.6439208984375,413.6439208984375,,726.861454745576,585.1767652449499,2022-08-09T20:31:15.982977,2022-08-09T20:33:51.561614,2022-08-09T20:31:15.982977,theory,SEISAN_HUTTON_NM,4.243128452012408,4.45769422664568,4.406014098445535,443.4920757443238,726.861454745576,645.3146294033572,4.350411339329044,0.1517209142537308,4.406014098445535,0.0556027591164909,,,missing_header_ML;residual_outside_bias_centered_2std;,False
20220809202829_ML-12345.0,VN,CCVB,4.714059550375771,4.714059550375771,0.0771628853091393,2,440.6778564453125,440.6778564453125,440.6778564453125,,1232.4412840276073,1095.5250722340393,2022-08-09T20:31:23.706959,2022-08-09T20:34:09.584238,2022-08-09T20:31:23.706959,theory,SEISAN_HUTTON_NM,4.768621949833784,4.659497150917759,4.581569489593406,1232.4412840276073,958.6088604404716,801.1498902717797,4.714059550375771,0.0771628853091393,4.581569489593406,-0.1324900607823655,,,missing_header_ML;residual_outside_bias_centered_2std;,False
20220809202829_ML-12345.0,VN,DBVB,4.196492020328279,4.196492020328279,0.0183742972375262,2,117.57964324951172,117.57964324951172,117.57964324951172,,6014.373729712387,5839.72154201144,2022-08-09T20:29:51.393184,2022-08-09T20:30:34.185429,2022-08-09T20:29:51.393184,theory,SEISAN_HUTTON_NM,4.183499430152087,4.209484610504471,3.748697986555764,5665.069354310493,6014.373729712387,2081.6311946510277,4.196492020328279,0.0183742972375262,3.748697986555764,-0.4477940337725146,,,missing_header_ML;residual_outside_bias_centered_2std;,False
20220809202829_ML-12345.0,VN,LAVB,4.4636419890605,4.4636419890605,0.0679755297329822,2,384.2384033203125,384.2384033203125,384.2384033203125,,1015.2909412319032,914.4901113917048,2022-08-09T20:31:07.581401,2022-08-09T20:33:31.957936,2022-08-09T20:31:07.581401,theory,SEISAN_HUTTON_NM,4.41557603103156,4.511707947089439,4.275522419117493,813.6892815515063,1015.2909412319032,589.3930131860043,4.4636419890605,0.0679755297329822,4.275522419117493,-0.1881195699430069,,,missing_header_ML;residual_outside_bias_centered_2std;,False
20220809202829_ML-12345.0,VN,MCVB,4.473462602576209,4.473462602576209,0.2679814462540122,2,289.0196838378906,289.0196838378906,289.0196838378906,,2985.9151340308263,2116.7849993138625,2022-08-09T20:30:40.376053,2022-08-09T20:32:28.478789,2022-08-09T20:30:40.376053,theory,SEISAN_HUTTON_NM,4.283971104697819,4.662954100454599,4.370405544319686,1247.6548645968987,2985.9151340308263,1522.400450769077,4.473462602576209,0.2679814462540122,4.370405544319686,-0.1030570582565229,,,missing_header_ML;residual_outside_bias_centered_2std;,False
20220809202829_ML-12345.0,VN,MLVB,4.303261222171936,4.303261222171936,0.3861669226036281,2,97.52157592773438,97.52157592773438,97.52157592773438,,18797.708228687756,12071.567627278848,2022-08-09T20:29:45.662307,2022-08-09T20:30:20.813384,2022-08-09T20:29:45.662307,theory,SEISAN_HUTTON_NM,4.576322471814902,4.03019997252897,3.535757840282792,18797.708228687756,5345.427025869939,1712.1439391867932,4.303261222171936,0.3861669226036281,3.535757840282792,-0.7675033818891439,,,missing_header_ML;residual_outside_bias_centered_2std;H_component_std_too_large;Z_minus_H_too_large;,False
20220809202829_ML-12345.0,VN,SPVB,3.804012094359325,3.804012094359325,0.0420309174432725,2,168.44276428222656,168.44276428222656,168.44276428222656,,1361.4869943590363,1274.4103595841589,2022-08-09T20:30:05.925504,2022-08-09T20:31:08.094176,2022-08-09T20:30:05.925504,theory,SEISAN_HUTTON_NM,3.8337324411029545,3.7742917476156945,3.762142698672635,1361.4869943590363,1187.3337248092812,1154.5792673508795,3.804012094359325,0.0420309174432725,3.762142698672635,-0.0418693956866893,,,missing_header_ML;residual_outside_bias_centered_2std;,False
20220809202829_ML-12345.0,VN,TGVB,4.0040281105182025,4.0040281105182025,0.1635585102445062,2,138.3966522216797,138.3966522216797,138.3966522216797,,3727.8838318604394,2958.2149857918603,2022-08-09T20:29:57.340901,2022-08-09T20:30:48.063435,2022-08-09T20:29:57.340901,theory,SEISAN_HUTTON_NM,3.8883747788035423,4.119681442232862,3.6863155773414937,2188.546139723281,3727.8838318604394,1374.3473378451351,4.0040281105182025,0.1635585102445062,3.6863155773414937,-0.3177125331767092,,,missing_header_ML;residual_outside_bias_centered_2std;,False
20220809202829_ML-12345.0,VN,VN04,4.007171446764838,4.007171446764838,0.0537943860590849,2,134.096923828125,134.096923828125,134.096923828125,,3313.8416413236055,3047.593763159281,2022-08-09T20:29:56.112407,2022-08-09T20:30:45.196949,2022-08-09T20:29:56.112407,theory,SEISAN_HUTTON_NM,3.969133071592692,4.045209821936984,4.050334982865088,2781.345884994956,3313.8416413236055,3353.1803452048184,4.007171446764838,0.0537943860590849,4.050334982865088,0.0431635361002502,,,missing_header_ML;residual_outside_bias_centered_2std;,False
20220809202829_ML-12345.0,VN,VN05,3.690668071655988,3.690668071655988,0.1040251247999921,2,65.9883804321289,65.9883804321289,65.9883804321289,,5127.409605575605,4390.770966007323,2022-08-09T20:29:36.652823,2022-08-09T20:29:59.791254,2022-08-09T20:29:36.652823,theory,SEISAN_HUTTON_NM,3.617111200496137,3.764224942815839,3.573727100612425,3654.132326439042,5127.409605575605,3306.7409257715426,3.690668071655988,0.1040251247999921,3.573727100612425,-0.1169409710435629,,,missing_header_ML;residual_outside_bias_centered_2std;,False
20220809202829_ML-12345.0,VN,VN08,4.11962843191694,4.11962843191694,0.2832575529379073,2,154.78338623046875,154.78338623046875,154.78338623046875,,4861.688700985379,3397.274518507567,2022-08-09T20:30:02.022825,2022-08-09T20:30:58.987924,2022-08-09T20:30:02.022825,theory,SEISAN_HUTTON_NM,3.9193350954122383,4.319921768421642,4.066653580870499,1932.860336029755,4861.688700985379,2713.4321068848626,4.11962843191694,0.2832575529379073,4.066653580870499,-0.0529748510464411,,,missing_header_ML;residual_outside_bias_centered_2std;,False
20220809202829_ML-12345.0,VN,VN09,3.7524071347076218,3.7524071347076218,0.4437132483885352,2,126.7777099609375,126.7777099609375,126.7777099609375,,3820.958209543828,2360.919155202701,2022-08-09T20:29:54.021203,2022-08-09T20:30:40.317473,2022-08-09T20:29:54.021203,theory,SEISAN_HUTTON_NM,3.438654487869777,4.0661597815454655,3.604297958489946,900.880100861574,3820.958209543828,1319.1994595293022,3.7524071347076218,0.4437132483885352,3.604297958489946,-0.1481091762176754,,,missing_header_ML;residual_outside_bias_centered_2std;H_component_std_too_large;,False
20220809202829_ML-12345.0,VN,VN10,4.217638969904515,4.217638969904515,0.1235200518018866,2,102.08912658691406,102.08912658691406,102.08912658691406,,9377.026749763629,7824.335548905381,2022-08-09T20:29:46.967322,2022-08-09T20:30:23.858418,2022-08-09T20:29:46.967322,theory,SEISAN_HUTTON_NM,4.130297103662888,4.304980836146143,4.02241442653471,6271.644348047134,9377.026749763629,4892.138517746911,4.217638969904515,0.1235200518018866,4.02241442653471,-0.1952245433698047,,,missing_header_ML;residual_outside_bias_centered_2std;,False
20220809202829_ML-12345.0,VN,VN11,4.074322247758348,4.074322247758348,0.11663705402156,2,155.7185821533203,155.7185821533203,155.7185821533203,,3303.627633193004,2781.639364205591,2022-08-09T20:30:02.290023,2022-08-09T20:30:59.611388,2022-08-09T20:30:02.290023,theory,SEISAN_HUTTON_NM,3.991847395922081,4.156797099594614,3.950184031231017,2259.651095218178,3303.627633193004,2052.9483435170464,4.074322247758348,0.11663705402156,3.950184031231017,-0.1241382165273305,,,missing_header_ML;residual_outside_bias_centered_2std;,False
20220809202829_ML-12345.0,VN,VN15,3.9371890647132006,3.9371890647132006,0.0743796915523308,2,163.70431518554688,163.70431518554688,163.70431518554688,,2054.8283637944473,1833.8258214493417,2022-08-09T20:30:04.571661,2022-08-09T20:31:04.935210,2022-08-09T20:30:04.571661,theory,SEISAN_HUTTON_NM,3.884594680433984,3.9897834489924175,3.907096521859205,1612.823279104236,2054.8283637944473,1698.5902416151969,3.9371890647132006,0.0743796915523308,3.907096521859205,-0.0300925428539957,,,missing_header_ML;residual_outside_bias_centered_2std;,False
20220809202829_ML-12345.0,VN,VTVB,4.201972265237098,4.201972265237098,0.0623667388557511,2,277.01092529296875,277.01092529296875,277.01092529296875,,1262.8448680020624,1146.7936036869812,2022-08-09T20:30:36.944979,2022-08-09T20:32:20.472950,2022-08-09T20:30:36.944979,theory,SEISAN_HUTTON_NM,4.1578723212717055,4.24607220920249,4.202557626008538,1030.7423393719,1262.8448680020624,1142.4453135614351,4.201972265237098,0.0623667388557511,4.202557626008538,0.0005853607714403,,,missing_header_ML;residual_outside_bias_centered_2std;,False
20220816173801_ML2.8,VN,THVB,6.173782400427429,6.173782400427429,0.4109671909799944,2,458.44775390625,458.44775390625,458.44775390625,2.799999952316284,54185.37712913269,34199.204423653864,2022-08-16T17:40:57.084073,2022-08-16T17:43:49.730836,2022-08-16T17:40:57.084073,theory,SEISAN_HUTTON_NM,6.46438008801457,5.883184712840288,5.933180483955361,54185.37712913269,14213.031718175036,15947.128595565544,6.173782400427429,0.4109671909799944,5.933180483955361,-0.2406019164720678,3.373782448111145,3.373782448111145,residual_outside_bias_centered_2std;H_component_std_too_large;,False
20220816173801_ML2.8,VN,VN09,2.890948879209935,2.890948879209935,0.3736801714423687,2,136.98170471191406,136.98170471191406,136.98170471191406,2.799999952316284,411.70846035790566,266.82142730700946,2022-08-16T17:39:25.009004,2022-08-16T17:40:15.420136,2022-08-16T17:39:25.009004,header,SEISAN_HUTTON_NM,2.6267170959880843,3.1551806624317855,2.7851366695243938,121.93439425611322,411.70846035790566,175.60860730743698,2.890948879209935,0.3736801714423687,2.7851366695243938,-0.1058122096855411,0.0909489268936507,0.0909489268936507,H_component_std_too_large;,False
20220816173801_ML2.8,VN,VN11,3.238791142431612,3.238791142431612,0.1194138862723818,2,165.74729919433594,165.74729919433594,165.74729919433594,2.799999952316284,432.8939782567998,363.16208828051583,2022-08-16T17:39:33.419000,2022-08-16T17:40:34.597199,2022-08-16T17:39:33.419000,header,SEISAN_HUTTON_NM,3.154352773680571,3.323229511182652,5.216460005732302,293.43019830423185,432.8939782567998,33854.15974769395,3.238791142431612,0.1194138862723818,5.216460005732302,1.9776688633006905,0.4387911901153276,0.4387911901153276,Z_minus_H_too_large;,False
20220823115709_ML2.5,VN,MLVB,2.513672656454877,2.513672656454877,0.8102414136035726,2,19.05827522277832,19.05827522277832,19.05827522277832,2.5,5244.292718245361,2809.560576170219,2022-08-23T11:57:46.879002,2022-08-23T11:57:52.004517,2022-08-23T11:57:46.879002,header,SEISAN_HUTTON_NM,3.086599854412137,1.9407454584976165,1.776849602695059,5244.292718245361,374.82843409507655,257.0021004520342,2.513672656454877,0.8102414136035726,1.776849602695059,-0.7368230537598177,0.0136726564548768,0.0136726564548768,H_component_std_too_large;Z_minus_H_too_large;,False
20220902201805_ML2.8,VN,MLVB,3.119549983483296,3.119549983483296,0.6807955664950555,2,69.29202270507812,69.29202270507812,69.29202270507812,2.799999952316284,3287.1901502199426,1822.65751915081,2022-09-02T20:19:15.299000,2022-09-02T20:19:39.993682,2022-09-02T20:19:15.299000,header,SEISAN_HUTTON_NM,3.6009451451536867,2.638154821812905,2.82910282477347,3287.1901502199426,358.1248880816772,555.8818658102697,3.119549983483296,0.6807955664950555,2.82910282477347,-0.2904471587098252,0.3195500311670116,0.3195500311670116,H_component_std_too_large;,False
20220902201805_ML2.8,VN,SPVB,3.5631656446048936,3.5631656446048936,0.4275582933842577,2,88.9108657836914,88.9108657836914,88.9108657836914,2.799999952316284,4208.366989021351,2627.0909963150075,2022-09-02T20:19:21.910001,2022-09-02T20:19:53.072911,2022-09-02T20:19:21.910001,header,SEISAN_HUTTON_NM,3.8654950132094497,3.2608362760003375,3.1138373580312653,4208.366989021351,1045.8150036086638,745.5142516970137,3.5631656446048936,0.4275582933842577,3.1138373580312653,-0.4493282865736283,0.7631656922886094,0.7631656922886094,H_component_std_too_large;,False
20220902201805_ML2.8,VN,TGVB,3.0580437214975635,3.0580437214975635,0.1326282035066026,2,124.306884765625,124.306884765625,124.306884765625,2.799999952316284,480.8353166382612,396.51724697343974,2022-09-02T20:19:33.549000,2022-09-02T20:20:16.670257,2022-09-02T20:19:33.549000,header,SEISAN_HUTTON_NM,2.9642614194214554,3.1518260235736717,4.0409215955026925,312.1991773086183,480.8353166382612,3724.7054155056817,3.0580437214975635,0.1326282035066026,4.0409215955026925,0.9828778740051288,0.2580437691812793,0.2580437691812793,Z_minus_H_too_large;,False
20220902201805_ML2.8,VN,VN15,3.672473899425841,3.672473899425841,0.8620625759102202,2,162.0108184814453,162.0108184814453,162.0108184814453,2.799999952316284,4104.401974602796,2176.10326946442,2022-09-02T20:19:42.629002,2022-09-02T20:20:41.806212,2022-09-02T20:19:42.629002,header,SEISAN_HUTTON_NM,4.2820441926591,3.062903606192581,4.148407446229465,4104.401974602796,247.80456432604365,3017.262821465937,3.672473899425841,0.8620625759102202,4.148407446229465,0.4759335468036241,0.8724739471095564,0.8724739471095564,H_component_std_too_large;,False
20220905213036_ML2.8,VN,VN09,2.1702391977948468,2.1702391977948468,0.3703635404514732,2,36.68245697021485,36.68245697021485,36.68245697021485,2.799999952316284,520.2919211936874,338.02918888473954,2022-09-05T21:31:34.948998,2022-09-05T21:31:46.553971,2022-09-05T21:31:34.948998,header,SEISAN_HUTTON_NM,1.908352626837352,2.432125768752342,2.0604935943397695,155.76645657579172,520.2919211936874,221.11332128383,2.1702391977948468,0.3703635404514732,2.0604935943397695,-0.1097456034550772,-0.6297607545214374,0.6297607545214374,H_component_std_too_large;,False
20221003063414_ML2.8,VN,VN15,4.093671324025992,4.093671324025992,0.4313481356791079,2,140.1971435546875,140.1971435546875,140.1971435546875,2.799999952316284,6931.503408510225,4316.456854145597,2022-10-03T06:35:46.429000,2022-10-03T06:36:36.463762,2022-10-03T06:35:46.429000,header,SEISAN_HUTTON_NM,4.3986805158168645,3.78866213223512,3.2136975171195674,6931.503408510225,1701.41029978097,452.7353880487747,4.093671324025992,0.4313481356791079,3.2136975171195674,-0.8799738069064249,1.293671371709708,1.293671371709708,H_component_std_too_large;Z_minus_H_too_large;,False
20221003205912_ML2.3,VN,TGVB,2.8202264841455125,2.8202264841455125,0.3707526633621006,2,162.04745483398438,162.04745483398438,162.04745483398438,2.299999952316284,259.0691254726571,168.26587561987537,2022-10-03T21:00:53.069001,2022-10-03T21:01:53.130637,2022-10-03T21:00:53.069001,header,SEISAN_HUTTON_NM,3.082388206551827,2.558064761739198,2.6720121501471414,259.0691254726571,77.46262576709358,100.70234936675725,2.8202264841455125,0.3707526633621006,2.6720121501471414,-0.148214333998371,0.5202265318292283,0.5202265318292283,H_component_std_too_large;,False
20221010192653_ML3.9,VN,CBVB,5.661664999848037,5.661664999848037,0.436989382391431,2,385.8580932617187,385.8580932617187,385.8580932617187,3.900000095367432,28870.659704304067,17914.137377868385,2022-10-10T19:30:54.844170,2022-10-10T19:33:19.837729,2022-10-10T19:30:54.844170,theory,SEISAN_HUTTON_NM,5.352666844252535,5.970663155443539,5.5202737740069345,6957.615051432703,28870.659704304067,10234.516401748591,5.661664999848037,0.436989382391431,5.5202737740069345,-0.1413912258411027,1.7616649044806056,1.7616649044806056,residual_outside_bias_centered_2std;H_component_std_too_large;,False
